商品名,価格,在庫数,画像URL,商品URL
PSA10 20枚セット【詰め合わせ】{-},148000,2,https://www.cardrush-pokemon.jp/data/cardrushpokemon/_/70726f647563742f32303235303230345f6365646336622e6a7067003332300000740023666666666666.jpg,https://www.cardrush-pokemon.jp/product/63962
デッキケース『PJCS2025』【サプライ】{-},1080,7,https://www.cardrush-pokemon.jp/data/cardrushpokemon/_/70726f647563742f32303235303632315f3838396532362e6a7067003332300000740023666666666666.jpg,https://www.cardrush-pokemon.jp/product/69320
☆SALE☆デッキシールド『メガリザードンX』64枚入り【サプライ】{-},680,11,https://www.cardrush-pokemon.jp/data/cardrushpokemon/_/70726f647563742f6465636b736869656c645f6d6567612d72697a6172646f6e5865782e6a7067003332300000740023666666666666.jpg,https://www.cardrush-pokemon.jp/product/76972
ピンバッジ『海外/色違いイーブイ』【サプライ】{-},480,44,https://www.cardrush-pokemon.jp/data/cardrushpokemon/_/70726f647563742f32303235303532385f6661653965652e6a7067003332300000740023666666666666.jpg,https://www.cardrush-pokemon.jp/product/66807
ダメカン『ダメカンダイス(海外セット版)』【サプライ】{-},280,105,https://www.cardrush-pokemon.jp/data/cardrushpokemon/_/70726f647563742f32303235303830365f3333323034312e6a7067003332300000740023666666666666.jpg,https://www.cardrush-pokemon.jp/product/69434
プレイマット『海外/MASTER BALL LEAGUE※』【サプライ】{-},49800,2,https://www.cardrush-pokemon.jp/data/cardrushpokemon/_/70726f647563742f32303235303830345f3061613363362e6a7067003332300000740023666666666666.jpg,https://www.cardrush-pokemon.jp/product/70537
〔状態A-〕まぼろしの森【未開封BOX】{-},7280000,1,https://www.cardrush-pokemon.jp/data/cardrushpokemon/_/70726f647563742f32303236303530385f3939636432312e6a7067003332300000740023666666666666.jpg,https://www.cardrush-pokemon.jp/product/81117
強化拡張パック『新たなる試練の向こう』(SM2+)【未開封BOX】{-},748000,1,https://www.cardrush-pokemon.jp/data/cardrushpokemon/_/70726f647563742f506f6b656d6f6e426f78534d322e6a7067003332300000740023666666666666.jpg,https://www.cardrush-pokemon.jp/product/39136
〔状態A-〕拡張パック『裂空のカリスマ』(SM7)【未開封BOX】{-},548000,1,https://www.cardrush-pokemon.jp/data/cardrushpokemon/_/70726f647563742f32303139303830385f3231373330312e6a7067003332300000740023666666666666.jpg,https://www.cardrush-pokemon.jp/product/41250
蒼空の激突【未開封パック】{-},528000,3,https://www.cardrush-pokemon.jp/data/cardrushpokemon/_/70726f647563742f736f756b75756e6f67656b69746f752e6a7067003332300000740023666666666666.jpg,https://www.cardrush-pokemon.jp/product/14812
No.1 TRAINER(スーパーバトル2000/枠加工あり)【P】,6980000,1,https://www.cardrush-pokemon.jp/data/cardrushpokemon/_/70726f647563742f32303236303230355f3031636131652e6a7067003332300000740023666666666666.jpg,https://www.cardrush-pokemon.jp/product/79135
No.3 TRAINER(スーパーバトル2000)【P】,3980000,1,https://www.cardrush-pokemon.jp/data/cardrushpokemon/_/70726f647563742f32303236303230355f3538623262302e6a7067003332300000740023666666666666.jpg,https://www.cardrush-pokemon.jp/product/79136
No.3 TRAINER(メガバトル2000)【P】,3980000,1,https://www.cardrush-pokemon.jp/data/cardrushpokemon/_/70726f647563742f32303236303230355f3061326466332e6a7067003332300000740023666666666666.jpg,https://www.cardrush-pokemon.jp/product/79137
〔※状態難/PSA9鑑定済〕リザードン LV.76(かえん/マークあり)【★】{旧裏},498000,1,https://www.cardrush-pokemon.jp/data/cardrushpokemon/_/70726f647563742f32303232303633305f6638386266372e6a7067003332300000740023666666666666.jpg,https://www.cardrush-pokemon.jp/product/72896
〔PSA10鑑定済〕ヒトカゲLV.10(マークあり)【-】{旧裏},378000,1,https://www.cardrush-pokemon.jp/data/cardrushpokemon/_/70726f647563742f435250534137372d37323339332e6a7067003332300000740023666666666666.jpg,https://www.cardrush-pokemon.jp/product/45325
〔※状態難/PSA10鑑定済〕ナツメのゲンガーLV.42【-】{旧裏},2380000,1,https://www.cardrush-pokemon.jp/data/cardrushpokemon/_/70726f647563742f32303236303330335f6538303331342e6a7067003332300000740023666666666666.jpg,https://www.cardrush-pokemon.jp/product/80962
〔PSA10鑑定済〕わるいゲンガー LV.32【★】{旧裏},1040000,1,https://www.cardrush-pokemon.jp/data/cardrushpokemon/_/70726f647563742f435250534137372d37323339392e6a7067003332300000740023666666666666.jpg,https://www.cardrush-pokemon.jp/product/45281
〔※状態難/PSA10鑑定済〕ミュウ(20thアニバーサリー)【P】{XY-P},2180000,1,https://www.cardrush-pokemon.jp/data/cardrushpokemon/_/70726f647563742f32303236303432385f3532373938362e6a7067003332300000740023666666666666.jpg,https://www.cardrush-pokemon.jp/product/52561
〔※状態難/PSA10鑑定済〕ピカチュウ(20thアニバーサリー)【P】{279/XY-P},4680000,1,https://www.cardrush-pokemon.jp/data/cardrushpokemon/_/70726f647563742f32303233303730315f3934353838342e6a7067003332300000740023666666666666.jpg,https://www.cardrush-pokemon.jp/product/50229
〔PSA10鑑定済〕ギャラドスごっこピカチュウ【P】{151/XY-P},2180000,1,https://www.cardrush-pokemon.jp/data/cardrushpokemon/_/70726f647563742f50534150492d32332e6a7067003332300000740023666666666666.jpg,https://www.cardrush-pokemon.jp/product/40846
〔※状態難/PSA10鑑定済〕リザードンVMAX(HR仕様)【P】{104/S-P},2180000,1,https://www.cardrush-pokemon.jp/data/cardrushpokemon/_/70726f647563742f32303233313031385f3533313966362e6a7067003332300000740023666666666666.jpg,https://www.cardrush-pokemon.jp/product/50373
〔※状態難/PSA10鑑定済〕リザードンGX【HR】{058/051},918000,1,https://www.cardrush-pokemon.jp/data/cardrushpokemon/_/70726f647563742f32303233303532385f3637353533382e6a7067003332300000740023666666666666.jpg,https://www.cardrush-pokemon.jp/product/50158
〔※状態難/PSA10鑑定済〕MリザードンEX(Y)【SR】{091/087},718000,1,https://www.cardrush-pokemon.jp/data/cardrushpokemon/_/70726f647563742f32303232313131385f6433353164622e6a7067003332300000740023666666666666.jpg,https://www.cardrush-pokemon.jp/product/52635
〔※状態難/PSA10鑑定済〕サンダースVMAX(SA仕様)【P】{188/S-P},1040000,1,https://www.cardrush-pokemon.jp/data/cardrushpokemon/_/70726f647563742f32303233313132345f3730336362652e6a7067003332300000740023666666666666.jpg,https://www.cardrush-pokemon.jp/product/57579
〔※状態難/PSA10鑑定済〕コダック(ムンク)【P】{286/SM-P},1880000,1,https://www.cardrush-pokemon.jp/data/cardrushpokemon/_/70726f647563742f32303233303630325f3838383938362e6a7067003332300000740023666666666666.jpg,https://www.cardrush-pokemon.jp/product/56312
〔PSA10鑑定済〕リーリエ(SR仕様)【P】{397/SM-P},11800000,1,https://www.cardrush-pokemon.jp/data/cardrushpokemon/_/70726f647563742f32303233313032365f6466353935392e6a7067003332300000740023666666666666.jpg,https://www.cardrush-pokemon.jp/product/38932
〔※状態難/PSA10鑑定済〕リーリエ(SR仕様)【P】{397/SM-P},10800000,1,https://www.cardrush-pokemon.jp/data/cardrushpokemon/_/70726f647563742f32303233313032365f6466353935392e6a7067003332300000740023666666666666.jpg,https://www.cardrush-pokemon.jp/product/80318
〔※状態難/PSA9鑑定済〕リーリエ(SR仕様)【P】{397/SM-P},6480000,1,https://www.cardrush-pokemon.jp/data/cardrushpokemon/_/70726f647563742f32303234303732315f3139653531392e6a7067003332300000740023666666666666.jpg,https://www.cardrush-pokemon.jp/product/79680
〔※状態難/PSA10鑑定済〕リーリエ【SR】{119/114},2480000,1,https://www.cardrush-pokemon.jp/data/cardrushpokemon/_/70726f647563742f32303235313030395f3436656663652e6a7067003332300000740023666666666666.jpg,https://www.cardrush-pokemon.jp/product/48592
〔※状態難/PSA10鑑定済〕アローラの仲間たち(SR仕様)【P】{401/SM-P},628000,1,https://www.cardrush-pokemon.jp/data/cardrushpokemon/_/70726f647563742f32303233303732305f6239633563392e6a7067003332300000740023666666666666.jpg,https://www.cardrush-pokemon.jp/product/50374
〔状態B〕ミミッキュ(ムンク/ファイル付未開封)【P】{289/SM-P},1780000,1,https://www.cardrush-pokemon.jp/data/cardrushpokemon/_/70726f647563742f32303234303131345f3062303032362e6a7067003332300000740023666666666666.jpg,https://www.cardrush-pokemon.jp/product/54081
リーリエ(SR仕様)【P】{397/SM-P},8480000,1,https://www.cardrush-pokemon.jp/data/cardrushpokemon/_/70726f647563742f32303139313030375f3765393030332e6a7067003332300000740023666666666666.jpg,https://www.cardrush-pokemon.jp/product/6158
〔状態A-〕リーリエ(SR仕様)【P】{397/SM-P},5980000,1,https://www.cardrush-pokemon.jp/data/cardrushpokemon/_/70726f647563742f32303139313030375f3765393030332e6a7067003332300000740023666666666666.jpg,https://www.cardrush-pokemon.jp/product/21764
オカルトマニア(SR仕様)【-】{181/171},518000,1,https://www.cardrush-pokemon.jp/data/cardrushpokemon/_/70726f647563742f32303235303633305f3962303532382e6a7067003332300000740023666666666666.jpg,https://www.cardrush-pokemon.jp/product/288
〔状態B〕ゲンガー LV.40(通信進化キャンペーン)【-】{旧裏},1780000,1,https://www.cardrush-pokemon.jp/data/cardrushpokemon/_/70726f647563742f32303235303732345f6461303435382e6a7067003332300000740023666666666666.jpg,https://www.cardrush-pokemon.jp/product/71149
〔状態A-〕サンダースVMAX(SA仕様)【P】{188/S-P},648000,1,https://www.cardrush-pokemon.jp/data/cardrushpokemon/_/70726f647563742f32303231313130335f3266653134362e6a7067003332300000740023666666666666.jpg,https://www.cardrush-pokemon.jp/product/32695
〔状態A-〕ピカチュウ(20thアニバーサリー)【P】{279/XY-P},4280000,1,https://www.cardrush-pokemon.jp/data/cardrushpokemon/_/70726f647563742f32303234303430345f3737353430332e6a7067003332300000740023666666666666.jpg,https://www.cardrush-pokemon.jp/product/21725
〔状態A-〕マリオピカチュウ【P】{294/XY-P},2080000,1,https://www.cardrush-pokemon.jp/data/cardrushpokemon/_/70726f647563742f6d61726970693239342e6a7067003332300000740023666666666666.jpg,https://www.cardrush-pokemon.jp/product/21698
ルイージピカチュウ(未開封)【P】{296/XY-P},3280000,1,https://www.cardrush-pokemon.jp/data/cardrushpokemon/_/70726f647563742f7275692d6a6970693239362e6a7067003332300000740023666666666666.jpg,https://www.cardrush-pokemon.jp/product/14720
〔状態A-〕ルイージピカチュウ(未開封)【P】{296/XY-P},2680000,1,https://www.cardrush-pokemon.jp/data/cardrushpokemon/_/70726f647563742f7275692d6a6970693239362e6a7067003332300000740023666666666666.jpg,https://www.cardrush-pokemon.jp/product/30489
〔状態A-〕ポンチョを着たピカチュウ(未開封)【P】{230/XY-P},3280000,1,https://www.cardrush-pokemon.jp/data/cardrushpokemon/_/70726f647563742f706f6e63686f72656b6b753233302e6a7067003332300000740023666666666666.jpg,https://www.cardrush-pokemon.jp/product/30486
〔状態B〕ギャラドスごっこピカチュウ(未開封)【P】{151/XY-P},2780000,1,https://www.cardrush-pokemon.jp/data/cardrushpokemon/_/70726f647563742f32303231303931395f6337323866362e6a7067003332300000740023666666666666.jpg,https://www.cardrush-pokemon.jp/product/33500
〔状態A-〕ピカチュウ【P】{229/BW-P},698000,1,https://www.cardrush-pokemon.jp/data/cardrushpokemon/_/70726f647563742f70696b613232396277702e6a7067003332300000740023666666666666.jpg,https://www.cardrush-pokemon.jp/product/21724
〔状態B〕オーヤマのピカチュウ【P】{-},298000,1,https://www.cardrush-pokemon.jp/data/cardrushpokemon/_/70726f647563742f6f79616d6170696b61332e6a7067003332300000740023666666666666.jpg,https://www.cardrush-pokemon.jp/product/8351
〔状態A-〕ポンチョを着たピカチュウ(未開封)【P】{037/SM-P},498000,1,https://www.cardrush-pokemon.jp/data/cardrushpokemon/_/70726f647563742f706f6e6e70693033372e6a7067003332300000740023666666666666.jpg,https://www.cardrush-pokemon.jp/product/31001
〔状態A-〕ピカチュウ【P】{016/DPt-P},468000,1,https://www.cardrush-pokemon.jp/data/cardrushpokemon/_/70726f647563742f32303233303330325f3339643235312e6a7067003332300000740023666666666666.jpg,https://www.cardrush-pokemon.jp/product/40457
〔状態A-〕ミュウ☆δ-デルタ種(1ED)【★】{015/068},1180000,1,https://www.cardrush-pokemon.jp/data/cardrushpokemon/_/70726f647563742f67363832303633362e6a7067003332300000740023666666666666.jpg,https://www.cardrush-pokemon.jp/product/13519
〔状態B〕ラティアス☆(1ED)【☆】{065/082},398000,1,https://www.cardrush-pokemon.jp/data/cardrushpokemon/_/70726f647563742f32303139313131335f6365366137662e6a7067003332300000740023666666666666.jpg,https://www.cardrush-pokemon.jp/product/6438
〔状態B〕ラティオス☆(アンリミ)【☆】{066/082},448000,1,https://www.cardrush-pokemon.jp/data/cardrushpokemon/_/70726f647563742f32303235313030395f3964306134342e6a7067003332300000740023666666666666.jpg,https://www.cardrush-pokemon.jp/product/8239
〔状態B〕サンダース☆(1ED)【☆】{027/108},498000,1,https://www.cardrush-pokemon.jp/data/cardrushpokemon/_/70726f647563742f32303139313130325f3364323731392e6a7067003332300000740023666666666666.jpg,https://www.cardrush-pokemon.jp/product/8153
〔状態B〕MリザードンEX(Y)【SR】{091/087},328000,1,https://www.cardrush-pokemon.jp/data/cardrushpokemon/_/70726f647563742f32303139303730395f6138333935652e6a7067003332300000740023666666666666.jpg,https://www.cardrush-pokemon.jp/product/8288
〔状態B〕ホウオウ【P】{065/L-P},648000,1,https://www.cardrush-pokemon.jp/data/cardrushpokemon/_/70726f647563742f32303139313030365f6336363235642e6a706567003332300000740023666666666666.jpg,https://www.cardrush-pokemon.jp/product/6155
〔状態C〕ホウオウ【P】{065/L-P},398000,1,https://www.cardrush-pokemon.jp/data/cardrushpokemon/_/70726f647563742f32303139313030365f6336363235642e6a706567003332300000740023666666666666.jpg,https://www.cardrush-pokemon.jp/product/13628
アセロラ【SR】{056/049},598000,1,https://www.cardrush-pokemon.jp/data/cardrushpokemon/_/70726f647563742f32303234303131345f3333663761642e6a7067003332300000740023666666666666.jpg,https://www.cardrush-pokemon.jp/product/159
リーリエ【SR】{066/060},698000,1,https://www.cardrush-pokemon.jp/data/cardrushpokemon/_/70726f647563742f32303234303731385f3261336664392e6a7067003332300000740023666666666666.jpg,https://www.cardrush-pokemon.jp/product/1586
リーリエ【SR】{119/114},1280000,1,https://www.cardrush-pokemon.jp/data/cardrushpokemon/_/70726f647563742f32303139303732335f6136396334612e6a7067003332300000740023666666666666.jpg,https://www.cardrush-pokemon.jp/product/21646
〔状態A-〕リーリエ【SR】{119/114},798000,1,https://www.cardrush-pokemon.jp/data/cardrushpokemon/_/70726f647563742f32303234303731385f3730343931612e6a7067003332300000740023666666666666.jpg,https://www.cardrush-pokemon.jp/product/13534
銀蔵(GINZO)製スクリューダウン「TRILITH-トライリス-鑑定カードPSA対応」(正規品)【-】{-}《その他》,6980,40,https://www.cardrush-pokemon.jp/data/cardrushpokemon/_/70726f647563742f32303233303330365f6636643932612e6a7067003332300000740023666666666666.jpg,https://www.cardrush-pokemon.jp/product/40554
ビードル【C】{001/083},50,1,https://www.cardrush-pokemon.jp/data/cardrushpokemon/_/70726f647563742f43525f4d345f3030312e6a7067003332300000740023666666666666.jpg,https://www.cardrush-pokemon.jp/product/79779
コクーン【C】{002/083},50,1,https://www.cardrush-pokemon.jp/data/cardrushpokemon/_/70726f647563742f43525f4d345f3030322e6a7067003332300000740023666666666666.jpg,https://www.cardrush-pokemon.jp/product/79780
スピアーex【RR】{003/083},80,447,https://www.cardrush-pokemon.jp/data/cardrushpokemon/_/70726f647563742f43525f4d345f3030332e6a7067003332300000740023666666666666.jpg,https://www.cardrush-pokemon.jp/product/79781
コフキムシ【C】{007/080},30,140,https://www.cardrush-pokemon.jp/data/cardrushpokemon/_/70726f647563742f4352505f4d335f3030372e6a7067003332300000740023666666666666.jpg,https://www.cardrush-pokemon.jp/product/78634
コフーライ【C】{008/080},30,5,https://www.cardrush-pokemon.jp/data/cardrushpokemon/_/70726f647563742f4352505f4d335f3030382e6a7067003332300000740023666666666666.jpg,https://www.cardrush-pokemon.jp/product/78635
ビビヨン【U】{009/080},80,305,https://www.cardrush-pokemon.jp/data/cardrushpokemon/_/70726f647563742f4352505f4d335f3030392e6a7067003332300000740023666666666666.jpg,https://www.cardrush-pokemon.jp/product/78636
モクロー【C】{010/080},30,56,https://www.cardrush-pokemon.jp/data/cardrushpokemon/_/70726f647563742f4352505f4d335f3031302e6a7067003332300000740023666666666666.jpg,https://www.cardrush-pokemon.jp/product/78637
フクスロー【C】{011/080},80,16,https://www.cardrush-pokemon.jp/data/cardrushpokemon/_/70726f647563742f4352505f4d335f3031312e6a7067003332300000740023666666666666.jpg,https://www.cardrush-pokemon.jp/product/78638
ジュナイパーex【RR】{012/080},80,199,https://www.cardrush-pokemon.jp/data/cardrushpokemon/_/70726f647563742f4352505f4d335f3031322e6a7067003332300000740023666666666666.jpg,https://www.cardrush-pokemon.jp/product/78639
エリカのナゾノクサ【-】{001/742},480,28,https://www.cardrush-pokemon.jp/data/cardrushpokemon/_/70726f647563742f43525f505f4d435f3030312e4a5047003332300000740023666666666666.jpg,https://www.cardrush-pokemon.jp/product/74934
エリカのラフレシアex(ノーマル仕様)【-】{003/742},580,16,https://www.cardrush-pokemon.jp/data/cardrushpokemon/_/70726f647563742f43525f505f4d435f3030332e4a5047003332300000740023666666666666.jpg,https://www.cardrush-pokemon.jp/product/74936
エリカのマダツボミ【-】{006/742},80,56,https://www.cardrush-pokemon.jp/data/cardrushpokemon/_/70726f647563742f43525f505f4d435f3030362e4a5047003332300000740023666666666666.jpg,https://www.cardrush-pokemon.jp/product/74939
エリカのウツドン【-】{007/742},180,6,https://www.cardrush-pokemon.jp/data/cardrushpokemon/_/70726f647563742f43525f505f4d435f3030372e4a5047003332300000740023666666666666.jpg,https://www.cardrush-pokemon.jp/product/74940
エリカのウツボット【-】{008/742},480,19,https://www.cardrush-pokemon.jp/data/cardrushpokemon/_/70726f647563742f43525f505f4d435f3030382e4a5047003332300000740023666666666666.jpg,https://www.cardrush-pokemon.jp/product/74941
チコリータ【-】{016/742},580,8,https://www.cardrush-pokemon.jp/data/cardrushpokemon/_/70726f647563742f43525f505f4d435f3031362e4a5047003332300000740023666666666666.jpg,https://www.cardrush-pokemon.jp/product/74949
チコリータ(ミラー)【-】{016/742},1380,9,https://www.cardrush-pokemon.jp/data/cardrushpokemon/_/70726f647563742f43525f505f4d435f3031372e4a5047003332300000740023666666666666.jpg,https://www.cardrush-pokemon.jp/product/74950
ベイリーフ(ミラー)【-】{017/742},980,7,https://www.cardrush-pokemon.jp/data/cardrushpokemon/_/70726f647563742f43525f505f4d435f3031392e4a5047003332300000740023666666666666.jpg,https://www.cardrush-pokemon.jp/product/74952
メガメガニウムex(ノーマル仕様)【-】{018/742},3780,38,https://www.cardrush-pokemon.jp/data/cardrushpokemon/_/70726f647563742f43525f505f4d435f3032302e4a5047003332300000740023666666666666.jpg,https://www.cardrush-pokemon.jp/product/74953
メガメガニウムex(ミラー)【-】{018/742},3980,56,https://www.cardrush-pokemon.jp/data/cardrushpokemon/_/70726f647563742f43525f505f4d435f3032312e4a5047003332300000740023666666666666.jpg,https://www.cardrush-pokemon.jp/product/74954
メガヘラクロスex【RR】{004/080},120,24,https://www.cardrush-pokemon.jp/data/cardrushpokemon/_/70726f647563742f43525f505f4d325f3030342e6a7067003332300000740023666666666666.jpg,https://www.cardrush-pokemon.jp/product/71605
メガフシギバナex【RR】{003/063},280,261,https://www.cardrush-pokemon.jp/data/cardrushpokemon/_/70726f647563742f43525f4d314c5f3030332e6a7067003332300000740023666666666666.jpg,https://www.cardrush-pokemon.jp/product/69787
フシギソウ【C】{002/063},120,375,https://www.cardrush-pokemon.jp/data/cardrushpokemon/_/70726f647563742f43525f4d314c5f3030322e6a7067003332300000740023666666666666.jpg,https://www.cardrush-pokemon.jp/product/69786
フシギダネ【C】{001/063},80,415,https://www.cardrush-pokemon.jp/data/cardrushpokemon/_/70726f647563742f43525f4d314c5f3030312e6a7067003332300000740023666666666666.jpg,https://www.cardrush-pokemon.jp/product/69785
ツボツボ【U】{006/063},50,56,https://www.cardrush-pokemon.jp/data/cardrushpokemon/_/70726f647563742f43525f4d31535f3030362e6a7067003332300000740023666666666666.jpg,https://www.cardrush-pokemon.jp/product/69853
メガニウム【R】{005/063},220,8,https://www.cardrush-pokemon.jp/data/cardrushpokemon/_/70726f647563742f43525f4d31535f3030352e6a7067003332300000740023666666666666.jpg,https://www.cardrush-pokemon.jp/product/69852
ベイリーフ【C】{004/063},120,52,https://www.cardrush-pokemon.jp/data/cardrushpokemon/_/70726f647563742f43525f4d31535f3030342e6a7067003332300000740023666666666666.jpg,https://www.cardrush-pokemon.jp/product/69851
チコリータ【C】{003/063},120,130,https://www.cardrush-pokemon.jp/data/cardrushpokemon/_/70726f647563742f43525f4d31535f3030332e6a7067003332300000740023666666666666.jpg,https://www.cardrush-pokemon.jp/product/69850
ジャローダex【RR】{003/086},120,21,https://www.cardrush-pokemon.jp/data/cardrushpokemon/_/70726f647563742f505f53563131425f30332e6a7067003332300000740023666666666666.jpg,https://www.cardrush-pokemon.jp/product/66912
ジャノビー【C】{002/086},50,378,https://www.cardrush-pokemon.jp/data/cardrushpokemon/_/70726f647563742f505f53563131425f30322e6a7067003332300000740023666666666666.jpg,https://www.cardrush-pokemon.jp/product/66911
ツタージャ【C】{001/086},50,30,https://www.cardrush-pokemon.jp/data/cardrushpokemon/_/70726f647563742f505f53563131425f30312e6a7067003332300000740023666666666666.jpg,https://www.cardrush-pokemon.jp/product/66910
エルフーンex【RR】{005/086},120,23,https://www.cardrush-pokemon.jp/data/cardrushpokemon/_/70726f647563742f505f53563131575f30352e6a7067003332300000740023666666666666.jpg,https://www.cardrush-pokemon.jp/product/67000
モンメン【C】{004/086},80,132,https://www.cardrush-pokemon.jp/data/cardrushpokemon/_/70726f647563742f505f53563131575f30342e6a7067003332300000740023666666666666.jpg,https://www.cardrush-pokemon.jp/product/66999
オリーヴァex【RR】{012/098},580,90,https://www.cardrush-pokemon.jp/data/cardrushpokemon/_/70726f647563742f43525f535631305f3031322e6a7067003332300000740023666666666666.jpg,https://www.cardrush-pokemon.jp/product/65144
ロケット団のタマンチュラ【C】{008/098},80,47,https://www.cardrush-pokemon.jp/data/cardrushpokemon/_/70726f647563742f43525f535631305f3030382e6a7067003332300000740023666666666666.jpg,https://www.cardrush-pokemon.jp/product/65140
カットロトム【C】{004/098},80,181,https://www.cardrush-pokemon.jp/data/cardrushpokemon/_/70726f647563742f43525f535631305f3030342e6a7067003332300000740023666666666666.jpg,https://www.cardrush-pokemon.jp/product/65136
メガヤンマex【RR】{003/063},80,59,https://www.cardrush-pokemon.jp/data/cardrushpokemon/_/70726f647563742f337275736870535639613030333036332e6a7067003332300000740023666666666666.jpg,https://www.cardrush-pokemon.jp/product/64424
イシズマイ【C】{007/063},80,240,https://www.cardrush-pokemon.jp/data/cardrushpokemon/_/70726f647563742f377275736870535639613030373036332e6a7067003332300000740023666666666666.jpg,https://www.cardrush-pokemon.jp/product/64428
シェイミ【U】{006/063},80,114,https://www.cardrush-pokemon.jp/data/cardrushpokemon/_/70726f647563742f367275736870535639613030363036332e6a7067003332300000740023666666666666.jpg,https://www.cardrush-pokemon.jp/product/64427
シロナのロゼリア【C】{004/063},80,15,https://www.cardrush-pokemon.jp/data/cardrushpokemon/_/70726f647563742f347275736870535639613030343036332e6a7067003332300000740023666666666666.jpg,https://www.cardrush-pokemon.jp/product/64425
ヤンヤンマ【C】{002/063},50,26,https://www.cardrush-pokemon.jp/data/cardrushpokemon/_/70726f647563742f327275736870535639613030323036332e6a7067003332300000740023666666666666.jpg,https://www.cardrush-pokemon.jp/product/64423
ヒビキのカイロス【U】{001/063},50,298,https://www.cardrush-pokemon.jp/data/cardrushpokemon/_/70726f647563742f317275736870535639613030313036332e6a7067003332300000740023666666666666.jpg,https://www.cardrush-pokemon.jp/product/64422
スコヴィラン【R】{011/108},80,302,https://www.cardrush-pokemon.jp/data/cardrushpokemon/_/70726f647563742f313172757368705356333031313130382e6a7067003332300000740023666666666666.jpg,https://www.cardrush-pokemon.jp/product/45702
アイアントex【RR】{003/106},80,1,https://www.cardrush-pokemon.jp/data/cardrushpokemon/_/70726f647563742f3372757368705356383030333130362e6a7067003332300000740023666666666666.jpg,https://www.cardrush-pokemon.jp/product/59903
ノノクラゲ(ミラー)【-】{001/007},80,110,https://www.cardrush-pokemon.jp/data/cardrushpokemon/_/70726f647563742f317275736870535650313030313030372e6a7067003332300000740023666666666666.jpg,https://www.cardrush-pokemon.jp/product/42866
テツノイサハex【RR】{016/071},280,12,https://www.cardrush-pokemon.jp/data/cardrushpokemon/_/70726f647563742f383772757368705356354d3031363037312e6a7067003332300000740023666666666666.jpg,https://www.cardrush-pokemon.jp/product/53002
チオンジェンex【RR】{015/071},80,130,https://www.cardrush-pokemon.jp/data/cardrushpokemon/_/70726f647563742f38367275736870535632503031353037312e6a7067003332300000740023666666666666.jpg,https://www.cardrush-pokemon.jp/product/41147
フォレトスex【RR】{005/071},80,29,https://www.cardrush-pokemon.jp/data/cardrushpokemon/_/70726f647563742f357275736870535632443030353037312e6a7067003332300000740023666666666666.jpg,https://www.cardrush-pokemon.jp/product/41066
チャデス【C】{008/066},80,57,https://www.cardrush-pokemon.jp/data/cardrushpokemon/_/70726f647563742f387275736870535635613030383036362e6a7067003332300000740023666666666666.jpg,https://www.cardrush-pokemon.jp/product/54692
テツノイサハ【R】{007/066},80,22,https://www.cardrush-pokemon.jp/data/cardrushpokemon/_/70726f647563742f377275736870535635613030373036362e6a7067003332300000740023666666666666.jpg,https://www.cardrush-pokemon.jp/product/54691
チオンジェン【U】{010/106},50,81,https://www.cardrush-pokemon.jp/data/cardrushpokemon/_/70726f647563742f313072757368705356383031303130362e6a7067003332300000740023666666666666.jpg,https://www.cardrush-pokemon.jp/product/59910
ストライク【U】{123/165},120,265,https://www.cardrush-pokemon.jp/data/cardrushpokemon/_/70726f647563742f3132337275736870535632613132333136352e6a7067003332300000740023666666666666.jpg,https://www.cardrush-pokemon.jp/product/43464
ノノクラゲ【C】{007/066},80,113,https://www.cardrush-pokemon.jp/data/cardrushpokemon/_/70726f647563742f373372757368705356344d3030373036362e6a7067003332300000740023666666666666.jpg,https://www.cardrush-pokemon.jp/product/49211
アマカジ【C】{006/066},50,48,https://www.cardrush-pokemon.jp/data/cardrushpokemon/_/70726f647563742f3672757368705356344b3030363036362e6a7067003332300000740023666666666666.jpg,https://www.cardrush-pokemon.jp/product/49144
モルフォン【U】{049/165},80,53,https://www.cardrush-pokemon.jp/data/cardrushpokemon/_/70726f647563742f34397275736870535632613034393136352e6a7067003332300000740023666666666666.jpg,https://www.cardrush-pokemon.jp/product/43390
コンパン【C】{048/165},80,16,https://www.cardrush-pokemon.jp/data/cardrushpokemon/_/70726f647563742f34387275736870535632613034383136352e6a7067003332300000740023666666666666.jpg,https://www.cardrush-pokemon.jp/product/43389
フシギバナex【RR】{003/165},580,13,https://www.cardrush-pokemon.jp/data/cardrushpokemon/_/70726f647563742f337275736870535632613030333136352e6a7067003332300000740023666666666666.jpg,https://www.cardrush-pokemon.jp/product/43344
ワナイダーex【RR】{008/078},80,123,https://www.cardrush-pokemon.jp/data/cardrushpokemon/_/70726f647563742f38367275736870535631563030383037382e6a7067003332300000740023666666666666.jpg,https://www.cardrush-pokemon.jp/product/39275
ドダイトスex【RR】{005/071},120,58,https://www.cardrush-pokemon.jp/data/cardrushpokemon/_/70726f647563742f3572757368705356354b3030353037312e6a7067003332300000740023666666666666.jpg,https://www.cardrush-pokemon.jp/product/52920
タマンチュラ【-】{007/023},120,67,https://www.cardrush-pokemon.jp/data/cardrushpokemon/_/70726f647563742f31363372757368705356414d3030373032332e6a7067003332300000740023666666666666.jpg,https://www.cardrush-pokemon.jp/product/39352
ニャローテ【-】{005/023},120,39,https://www.cardrush-pokemon.jp/data/cardrushpokemon/_/70726f647563742f31363172757368705356414d3030353032332e6a7067003332300000740023666666666666.jpg,https://www.cardrush-pokemon.jp/product/39350
オーガポンみどりのめんex【RR】{016/101},120,1,https://www.cardrush-pokemon.jp/data/cardrushpokemon/_/70726f647563742f313672757368705356363031363130312e6a7067003332300000740023666666666666.jpg,https://www.cardrush-pokemon.jp/product/55491
ヤバソチャ【R】{014/101},80,3,https://www.cardrush-pokemon.jp/data/cardrushpokemon/_/70726f647563742f313472757368705356363031343130312e6a7067003332300000740023666666666666.jpg,https://www.cardrush-pokemon.jp/product/55489
カミッチュ【U】{012/101},80,16,https://www.cardrush-pokemon.jp/data/cardrushpokemon/_/70726f647563742f313272757368705356363031323130312e6a7067003332300000740023666666666666.jpg,https://www.cardrush-pokemon.jp/product/55487
カジッチュ【C】{011/101},80,32,https://www.cardrush-pokemon.jp/data/cardrushpokemon/_/70726f647563742f313172757368705356363031313130312e6a7067003332300000740023666666666666.jpg,https://www.cardrush-pokemon.jp/product/55486
バチンキー【C】{009/101},80,13,https://www.cardrush-pokemon.jp/data/cardrushpokemon/_/70726f647563742f3972757368705356363030393130312e6a7067003332300000740023666666666666.jpg,https://www.cardrush-pokemon.jp/product/55484
サルノリ【C】{008/101},80,67,https://www.cardrush-pokemon.jp/data/cardrushpokemon/_/70726f647563742f3872757368705356363030383130312e6a7067003332300000740023666666666666.jpg,https://www.cardrush-pokemon.jp/product/55483
イルミーゼ【C】{005/101},30,6,https://www.cardrush-pokemon.jp/data/cardrushpokemon/_/70726f647563742f3572757368705356363030353130312e6a7067003332300000740023666666666666.jpg,https://www.cardrush-pokemon.jp/product/55480
バルビート【C】{004/101},50,144,https://www.cardrush-pokemon.jp/data/cardrushpokemon/_/70726f647563742f3472757368705356363030343130312e6a7067003332300000740023666666666666.jpg,https://www.cardrush-pokemon.jp/product/55479
フクスロー【C】{004/064},80,35,https://www.cardrush-pokemon.jp/data/cardrushpokemon/_/70726f647563742f347275736870535636613030343036342e6a7067003332300000740023666666666666.jpg,https://www.cardrush-pokemon.jp/product/57284
デンチュラ【U】{002/064},80,287,https://www.cardrush-pokemon.jp/data/cardrushpokemon/_/70726f647563742f327275736870535636613030323036342e6a7067003332300000740023666666666666.jpg,https://www.cardrush-pokemon.jp/product/57282
カミツオロチex【RR】{012/102},180,22,https://www.cardrush-pokemon.jp/data/cardrushpokemon/_/70726f647563742f313272757368705356373031323130322e6a7067003332300000740023666666666666.jpg,https://www.cardrush-pokemon.jp/product/57977
カットロトム【C】{006/102},80,175,https://www.cardrush-pokemon.jp/data/cardrushpokemon/_/70726f647563742f3672757368705356373030363130322e6a7067003332300000740023666666666666.jpg,https://www.cardrush-pokemon.jp/product/57971
マスカーニャex【RR】{007/073},120,92,https://www.cardrush-pokemon.jp/data/cardrushpokemon/_/70726f647563742f377275736870535631613030373037332e6a7067003332300000740023666666666666.jpg,https://www.cardrush-pokemon.jp/product/40467
ニャオハ【C】{004/073},80,258,https://www.cardrush-pokemon.jp/data/cardrushpokemon/_/70726f647563742f347275736870535631613030343037332e6a7067003332300000740023666666666666.jpg,https://www.cardrush-pokemon.jp/product/40464
フォッコ【C】{011/083},50,86,https://www.cardrush-pokemon.jp/data/cardrushpokemon/_/70726f647563742f43525f4d345f3031312e6a7067003332300000740023666666666666.jpg,https://www.cardrush-pokemon.jp/product/79789
テールナー【C】{012/083},30,130,https://www.cardrush-pokemon.jp/data/cardrushpokemon/_/70726f647563742f43525f4d345f3031322e6a7067003332300000740023666666666666.jpg,https://www.cardrush-pokemon.jp/product/79790
マフォクシー【R】{013/083},80,207,https://www.cardrush-pokemon.jp/data/cardrushpokemon/_/70726f647563742f43525f4d345f3031332e6a7067003332300000740023666666666666.jpg,https://www.cardrush-pokemon.jp/product/79791
メガエンブオーex(ノーマル仕様)【-】{113/742},980,19,https://www.cardrush-pokemon.jp/data/cardrushpokemon/_/70726f647563742f43525f505f4d435f3133352e4a5047003332300000740023666666666666.jpg,https://www.cardrush-pokemon.jp/product/75068
メガエンブオーex(ミラー)【-】{113/742},980,1,https://www.cardrush-pokemon.jp/data/cardrushpokemon/_/70726f647563742f43525f505f4d435f3133362e4a5047003332300000740023666666666666.jpg,https://www.cardrush-pokemon.jp/product/75069
エンテイ(R仕様)【-】{020/193},80,445,https://www.cardrush-pokemon.jp/data/cardrushpokemon/_/70726f647563742f43525f4d32615f3032302e6a7067003332300000740023666666666666.jpg,https://www.cardrush-pokemon.jp/product/73281
ヒトカゲ【C】{011/080},80,427,https://www.cardrush-pokemon.jp/data/cardrushpokemon/_/70726f647563742f43525f505f4d325f3031312e6a7067003332300000740023666666666666.jpg,https://www.cardrush-pokemon.jp/product/71612
リザード【C】{012/080},80,163,https://www.cardrush-pokemon.jp/data/cardrushpokemon/_/70726f647563742f43525f505f4d325f3031322e6a7067003332300000740023666666666666.jpg,https://www.cardrush-pokemon.jp/product/71613
メガリザードンXex【RR】{013/080},1280,69,https://www.cardrush-pokemon.jp/data/cardrushpokemon/_/70726f647563742f43525f505f4d325f3031332e6a7067003332300000740023666666666666.jpg,https://www.cardrush-pokemon.jp/product/71614
ファイヤー【U】{014/080},120,153,https://www.cardrush-pokemon.jp/data/cardrushpokemon/_/70726f647563742f43525f505f4d325f3031342e6a7067003332300000740023666666666666.jpg,https://www.cardrush-pokemon.jp/product/71615
オドリドリex【RR】{018/080},220,109,https://www.cardrush-pokemon.jp/data/cardrushpokemon/_/70726f647563742f43525f505f4d325f3031382e6a7067003332300000740023666666666666.jpg,https://www.cardrush-pokemon.jp/product/71619
カルボウ【C】{019/080},50,104,https://www.cardrush-pokemon.jp/data/cardrushpokemon/_/70726f647563742f43525f505f4d325f3031392e6a7067003332300000740023666666666666.jpg,https://www.cardrush-pokemon.jp/product/71620
メガバクーダex【RR】{013/063},80,38,https://www.cardrush-pokemon.jp/data/cardrushpokemon/_/70726f647563742f43525f4d314c5f3031332e6a7067003332300000740023666666666666.jpg,https://www.cardrush-pokemon.jp/product/69797
ドンメル【C】{012/063},50,327,https://www.cardrush-pokemon.jp/data/cardrushpokemon/_/70726f647563742f43525f4d314c5f3031322e6a7067003332300000740023666666666666.jpg,https://www.cardrush-pokemon.jp/product/69796
ビクティニ【R】{012/086},80,198,https://www.cardrush-pokemon.jp/data/cardrushpokemon/_/70726f647563742f505f53563131425f31322e6a7067003332300000740023666666666666.jpg,https://www.cardrush-pokemon.jp/product/66921
クイタラン【U】{016/086},30,23,https://www.cardrush-pokemon.jp/data/cardrushpokemon/_/70726f647563742f505f53563131575f31362e6a7067003332300000740023666666666666.jpg,https://www.cardrush-pokemon.jp/product/67011
エンブオー【R】{013/086},80,592,https://www.cardrush-pokemon.jp/data/cardrushpokemon/_/70726f647563742f505f53563131575f31332e6a7067003332300000740023666666666666.jpg,https://www.cardrush-pokemon.jp/product/67008
チャオブー【C】{012/086},50,110,https://www.cardrush-pokemon.jp/data/cardrushpokemon/_/70726f647563742f505f53563131575f31322e6a7067003332300000740023666666666666.jpg,https://www.cardrush-pokemon.jp/product/67007
ポカブ【C】{011/086},50,15,https://www.cardrush-pokemon.jp/data/cardrushpokemon/_/70726f647563742f505f53563131575f31312e6a7067003332300000740023666666666666.jpg,https://www.cardrush-pokemon.jp/product/67006
ロケット団のファイヤーex【RR】{015/098},220,13,https://www.cardrush-pokemon.jp/data/cardrushpokemon/_/70726f647563742f43525f535631305f3031352e6a7067003332300000740023666666666666.jpg,https://www.cardrush-pokemon.jp/product/65147
アチャモ【C】{018/098},80,72,https://www.cardrush-pokemon.jp/data/cardrushpokemon/_/70726f647563742f43525f535631305f3031382e6a7067003332300000740023666666666666.jpg,https://www.cardrush-pokemon.jp/product/65150
ワカシャモ【C】{019/098},50,80,https://www.cardrush-pokemon.jp/data/cardrushpokemon/_/70726f647563742f43525f535631305f3031392e6a7067003332300000740023666666666666.jpg,https://www.cardrush-pokemon.jp/product/65151
バシャーモ【R】{020/098},80,554,https://www.cardrush-pokemon.jp/data/cardrushpokemon/_/70726f647563742f43525f535631305f3032302e6a7067003332300000740023666666666666.jpg,https://www.cardrush-pokemon.jp/product/65152
ヒートロトム【C】{021/098},80,247,https://www.cardrush-pokemon.jp/data/cardrushpokemon/_/70726f647563742f43525f535631305f3032312e6a7067003332300000740023666666666666.jpg,https://www.cardrush-pokemon.jp/product/65153
ヒビキのマグカルゴ【R】{019/063},80,77,https://www.cardrush-pokemon.jp/data/cardrushpokemon/_/70726f647563742f31397275736870535639613031393036332e6a7067003332300000740023666666666666.jpg,https://www.cardrush-pokemon.jp/product/64440
ヒビキのマグマッグ【C】{018/063},50,678,https://www.cardrush-pokemon.jp/data/cardrushpokemon/_/70726f647563742f31387275736870535639613031383036332e6a7067003332300000740023666666666666.jpg,https://www.cardrush-pokemon.jp/product/64439
ヒビキのバクフーン【R】{017/063},280,30,https://www.cardrush-pokemon.jp/data/cardrushpokemon/_/70726f647563742f31377275736870535639613031373036332e6a7067003332300000740023666666666666.jpg,https://www.cardrush-pokemon.jp/product/64438
ヒビキのマグマラシ【C】{016/063},80,495,https://www.cardrush-pokemon.jp/data/cardrushpokemon/_/70726f647563742f31367275736870535639613031363036332e6a7067003332300000740023666666666666.jpg,https://www.cardrush-pokemon.jp/product/64437
ヒビキのヒノアラシ【C】{015/063},80,536,https://www.cardrush-pokemon.jp/data/cardrushpokemon/_/70726f647563742f31357275736870535639613031353036332e6a7067003332300000740023666666666666.jpg,https://www.cardrush-pokemon.jp/product/64436
ボルケニオンex【RR】{017/100},180,63,https://www.cardrush-pokemon.jp/data/cardrushpokemon/_/70726f647563742f313772757368705356393031373130302e6a7067003332300000740023666666666666.jpg,https://www.cardrush-pokemon.jp/product/63430
ホゲータ【C】{018/073},50,150,https://www.cardrush-pokemon.jp/data/cardrushpokemon/_/70726f647563742f31387275736870535631613031383037332e6a7067003332300000740023666666666666.jpg,https://www.cardrush-pokemon.jp/product/40478
イーユイex【RR】{016/071},80,5,https://www.cardrush-pokemon.jp/data/cardrushpokemon/_/70726f647563742f31367275736870535632443031363037312e6a7067003332300000740023666666666666.jpg,https://www.cardrush-pokemon.jp/product/41077
カルボウ【C】{015/071},80,288,https://www.cardrush-pokemon.jp/data/cardrushpokemon/_/70726f647563742f31357275736870535632443031353037312e6a7067003332300000740023666666666666.jpg,https://www.cardrush-pokemon.jp/product/41076
オドリドリ【R】{016/073},80,206,https://www.cardrush-pokemon.jp/data/cardrushpokemon/_/70726f647563742f31367275736870535631613031363037332e6a7067003332300000740023666666666666.jpg,https://www.cardrush-pokemon.jp/product/40476
ガオガエンex【RR】{022/071},120,5,https://www.cardrush-pokemon.jp/data/cardrushpokemon/_/70726f647563742f393372757368705356354d3032323037312e6a7067003332300000740023666666666666.jpg,https://www.cardrush-pokemon.jp/product/53008
ガーディ【C】{015/078},80,83,https://www.cardrush-pokemon.jp/data/cardrushpokemon/_/70726f647563742f39337275736870535631563031353037382e6a7067003332300000740023666666666666.jpg,https://www.cardrush-pokemon.jp/product/39282
ウインディex【RR】{016/078},380,62,https://www.cardrush-pokemon.jp/data/cardrushpokemon/_/70726f647563742f39347275736870535631563031363037382e6a7067003332300000740023666666666666.jpg,https://www.cardrush-pokemon.jp/product/39283
カルボウ【C】{011/078},80,10,https://www.cardrush-pokemon.jp/data/cardrushpokemon/_/70726f647563742f31317275736870535631533031313037382e6a7067003332300000740023666666666666.jpg,https://www.cardrush-pokemon.jp/product/39200
グレンアルマex【RR】{015/066},120,97,https://www.cardrush-pokemon.jp/data/cardrushpokemon/_/70726f647563742f313572757368705356344b3031353036362e6a7067003332300000740023666666666666.jpg,https://www.cardrush-pokemon.jp/product/49153
リザードンex【RR】{006/165},1480,59,https://www.cardrush-pokemon.jp/data/cardrushpokemon/_/70726f647563742f367275736870535632613030363136352e6a7067003332300000740023666666666666.jpg,https://www.cardrush-pokemon.jp/product/43347
リザード【U】{005/165},80,174,https://www.cardrush-pokemon.jp/data/cardrushpokemon/_/70726f647563742f357275736870535632613030353136352e6a7067003332300000740023666666666666.jpg,https://www.cardrush-pokemon.jp/product/43346
グレンアルマ【R】{012/078},80,183,https://www.cardrush-pokemon.jp/data/cardrushpokemon/_/70726f647563742f31327275736870535631533031323037382e6a7067003332300000740023666666666666.jpg,https://www.cardrush-pokemon.jp/product/39201
リザード【U】{013/108},80,64,https://www.cardrush-pokemon.jp/data/cardrushpokemon/_/70726f647563742f313372757368705356333031333130382e6a7067003332300000740023666666666666.jpg,https://www.cardrush-pokemon.jp/product/45704
アチゲータ【-】{003/021},80,3,https://www.cardrush-pokemon.jp/data/cardrushpokemon/_/70726f647563742f31383572757368705356414c3030333032312e6a7067003332300000740023666666666666.jpg,https://www.cardrush-pokemon.jp/product/39374
カルボウ【C】{020/106},80,73,https://www.cardrush-pokemon.jp/data/cardrushpokemon/_/70726f647563742f323072757368705356383032303130362e6a7067003332300000740023666666666666.jpg,https://www.cardrush-pokemon.jp/product/59920
ラウドボーン【R】{019/106},80,130,https://www.cardrush-pokemon.jp/data/cardrushpokemon/_/70726f647563742f313972757368705356383031393130362e6a7067003332300000740023666666666666.jpg,https://www.cardrush-pokemon.jp/product/59919
ホゲータ【C】{017/106},30,15,https://www.cardrush-pokemon.jp/data/cardrushpokemon/_/70726f647563742f313772757368705356383031373130362e6a7067003332300000740023666666666666.jpg,https://www.cardrush-pokemon.jp/product/59917
エースバーンex【RR】{018/102},120,37,https://www.cardrush-pokemon.jp/data/cardrushpokemon/_/70726f647563742f313872757368705356373031383130322e6a7067003332300000740023666666666666.jpg,https://www.cardrush-pokemon.jp/product/57983
ヒバニー【C】{016/102},50,226,https://www.cardrush-pokemon.jp/data/cardrushpokemon/_/70726f647563742f313672757368705356373031363130322e6a7067003332300000740023666666666666.jpg,https://www.cardrush-pokemon.jp/product/57981
オーガポンかまどのめんex【RR】{022/101},80,21,https://www.cardrush-pokemon.jp/data/cardrushpokemon/_/70726f647563742f323272757368705356363032323130312e6a7067003332300000740023666666666666.jpg,https://www.cardrush-pokemon.jp/product/55497
ケロマツ【C】{020/083},80,294,https://www.cardrush-pokemon.jp/data/cardrushpokemon/_/70726f647563742f43525f4d345f3032302e6a7067003332300000740023666666666666.jpg,https://www.cardrush-pokemon.jp/product/79798
ゲコガシラ【C】{021/083},80,479,https://www.cardrush-pokemon.jp/data/cardrushpokemon/_/70726f647563742f43525f4d345f3032312e6a7067003332300000740023666666666666.jpg,https://www.cardrush-pokemon.jp/product/79799
メガゲッコウガex【RR】{022/083},380,5,https://www.cardrush-pokemon.jp/data/cardrushpokemon/_/70726f647563742f43525f4d345f3032322e6a7067003332300000740023666666666666.jpg,https://www.cardrush-pokemon.jp/product/79800
パウワウ【C】{018/080},50,754,https://www.cardrush-pokemon.jp/data/cardrushpokemon/_/70726f647563742f4352505f4d335f3031382e6a7067003332300000740023666666666666.jpg,https://www.cardrush-pokemon.jp/product/78645
ジュゴン【R】{019/080},80,913,https://www.cardrush-pokemon.jp/data/cardrushpokemon/_/70726f647563742f4352505f4d335f3031392e6a7067003332300000740023666666666666.jpg,https://www.cardrush-pokemon.jp/product/78646
ヒトデマン【C】{020/080},80,1,https://www.cardrush-pokemon.jp/data/cardrushpokemon/_/70726f647563742f4352505f4d335f3032302e6a7067003332300000740023666666666666.jpg,https://www.cardrush-pokemon.jp/product/78647
メガスターミーex【RR】{021/080},120,62,https://www.cardrush-pokemon.jp/data/cardrushpokemon/_/70726f647563742f4352505f4d335f3032312e6a7067003332300000740023666666666666.jpg,https://www.cardrush-pokemon.jp/product/78648
メガオーダイルex(ノーマル仕様)【-】{169/742},3180,27,https://www.cardrush-pokemon.jp/data/cardrushpokemon/_/70726f647563742f43525f505f4d435f3230332e4a5047003332300000740023666666666666.jpg,https://www.cardrush-pokemon.jp/product/75136
メガオーダイルex(ミラー)【-】{169/742},3280,29,https://www.cardrush-pokemon.jp/data/cardrushpokemon/_/70726f647563742f43525f505f4d435f3230342e4a5047003332300000740023666666666666.jpg,https://www.cardrush-pokemon.jp/product/75137
コダック【-】{032/193},120,220,https://www.cardrush-pokemon.jp/data/cardrushpokemon/_/70726f647563742f43525f4d32615f3033322e6a7067003332300000740023666666666666.jpg,https://www.cardrush-pokemon.jp/product/73293
ゴルダック【-】{033/193},50,242,https://www.cardrush-pokemon.jp/data/cardrushpokemon/_/70726f647563742f43525f4d32615f3033332e6a7067003332300000740023666666666666.jpg,https://www.cardrush-pokemon.jp/product/73294
ユキワラシ【-】{035/193},280,360,https://www.cardrush-pokemon.jp/data/cardrushpokemon/_/70726f647563742f43525f4d32615f3033352e6a7067003332300000740023666666666666.jpg,https://www.cardrush-pokemon.jp/product/73296
Nのバニプッチ【-】{037/193},80,148,https://www.cardrush-pokemon.jp/data/cardrushpokemon/_/70726f647563742f43525f4d32615f3033372e6a7067003332300000740023666666666666.jpg,https://www.cardrush-pokemon.jp/product/73298
Nのバニリッチ【-】{038/193},50,7,https://www.cardrush-pokemon.jp/data/cardrushpokemon/_/70726f647563742f43525f4d32615f3033382e6a7067003332300000740023666666666666.jpg,https://www.cardrush-pokemon.jp/product/73299
Nのバイバニラ【-】{039/193},80,113,https://www.cardrush-pokemon.jp/data/cardrushpokemon/_/70726f647563742f43525f4d32615f3033392e6a7067003332300000740023666666666666.jpg,https://www.cardrush-pokemon.jp/product/73300
メガユキノオーex【RR】{018/063},120,108,https://www.cardrush-pokemon.jp/data/cardrushpokemon/_/70726f647563742f43525f4d31535f3031382e6a7067003332300000740023666666666666.jpg,https://www.cardrush-pokemon.jp/product/69865
ユキカブリ【C】{017/063},80,177,https://www.cardrush-pokemon.jp/data/cardrushpokemon/_/70726f647563742f43525f4d31535f3031372e6a7067003332300000740023666666666666.jpg,https://www.cardrush-pokemon.jp/product/69864
ケルディオex【RR】{027/086},120,4,https://www.cardrush-pokemon.jp/data/cardrushpokemon/_/70726f647563742f505f53563131575f32372e6a7067003332300000740023666666666666.jpg,https://www.cardrush-pokemon.jp/product/67022
プロトーガ(モンスターボールミラー)【U】{025/086},180,47,https://www.cardrush-pokemon.jp/data/cardrushpokemon/_/70726f647563742f53563131626d626d6f6e737465725f35372e6a7067003332300000740023666666666666.jpg,https://www.cardrush-pokemon.jp/product/67199
パールル【C】{023/098},50,718,https://www.cardrush-pokemon.jp/data/cardrushpokemon/_/70726f647563742f43525f535631305f3032332e6a7067003332300000740023666666666666.jpg,https://www.cardrush-pokemon.jp/product/65155
ハンテール【U】{024/098},50,624,https://www.cardrush-pokemon.jp/data/cardrushpokemon/_/70726f647563742f43525f535631305f3032342e6a7067003332300000740023666666666666.jpg,https://www.cardrush-pokemon.jp/product/65156
サクラビス【R】{025/098},80,416,https://www.cardrush-pokemon.jp/data/cardrushpokemon/_/70726f647563742f43525f535631305f3032352e6a7067003332300000740023666666666666.jpg,https://www.cardrush-pokemon.jp/product/65157
ウォッシュロトム【C】{028/098},80,94,https://www.cardrush-pokemon.jp/data/cardrushpokemon/_/70726f647563742f43525f535631305f3032382e6a7067003332300000740023666666666666.jpg,https://www.cardrush-pokemon.jp/product/65160
アルクジラ【C】{031/098},30,83,https://www.cardrush-pokemon.jp/data/cardrushpokemon/_/70726f647563742f43525f535631305f3033312e6a7067003332300000740023666666666666.jpg,https://www.cardrush-pokemon.jp/product/65163
ハルクジラex【RR】{032/098},80,275,https://www.cardrush-pokemon.jp/data/cardrushpokemon/_/70726f647563742f43525f535631305f3033322e6a7067003332300000740023666666666666.jpg,https://www.cardrush-pokemon.jp/product/65164
カスミのラプラス【C】{027/063},50,616,https://www.cardrush-pokemon.jp/data/cardrushpokemon/_/70726f647563742f32377275736870535639613032373036332e6a7067003332300000740023666666666666.jpg,https://www.cardrush-pokemon.jp/product/64448
カスミのギャラドス【R】{026/063},120,191,https://www.cardrush-pokemon.jp/data/cardrushpokemon/_/70726f647563742f32367275736870535639613032363036332e6a7067003332300000740023666666666666.jpg,https://www.cardrush-pokemon.jp/product/64447
カスミのコイキング【C】{025/063},80,25,https://www.cardrush-pokemon.jp/data/cardrushpokemon/_/70726f647563742f32357275736870535639613032353036332e6a7067003332300000740023666666666666.jpg,https://www.cardrush-pokemon.jp/product/64446
カスミのコダック【U】{022/063},180,59,https://www.cardrush-pokemon.jp/data/cardrushpokemon/_/70726f647563742f32327275736870535639613032323036332e6a7067003332300000740023666666666666.jpg,https://www.cardrush-pokemon.jp/product/64443
ウェーニバル【U】{015/064},80,413,https://www.cardrush-pokemon.jp/data/cardrushpokemon/_/70726f647563742f31357275736870535637613031353036342e6a7067003332300000740023666666666666.jpg,https://www.cardrush-pokemon.jp/product/59479
イルカマン【R】{031/108},80,156,https://www.cardrush-pokemon.jp/data/cardrushpokemon/_/70726f647563742f333172757368705356333033313130382e6a7067003332300000740023666666666666.jpg,https://www.cardrush-pokemon.jp/product/45722
ナミイルカ【C】{029/108},50,33,https://www.cardrush-pokemon.jp/data/cardrushpokemon/_/70726f647563742f323972757368705356333032393130382e6a7067003332300000740023666666666666.jpg,https://www.cardrush-pokemon.jp/product/45720
キングドラex【RR】{012/064},80,22,https://www.cardrush-pokemon.jp/data/cardrushpokemon/_/70726f647563742f31327275736870535636613031323036342e6a7067003332300000740023666666666666.jpg,https://www.cardrush-pokemon.jp/product/57292
ミロカロスex【SR】{121/106},1080,109,https://www.cardrush-pokemon.jp/data/cardrushpokemon/_/70726f647563742f5356385f31352e6a7067003332300000740023666666666666.jpg,https://www.cardrush-pokemon.jp/product/60246
ゼニガメ【C】{007/165},50,31,https://www.cardrush-pokemon.jp/data/cardrushpokemon/_/70726f647563742f377275736870535632613030373136352e6a7067003332300000740023666666666666.jpg,https://www.cardrush-pokemon.jp/product/43348
セグレイブ【R】{027/071},80,160,https://www.cardrush-pokemon.jp/data/cardrushpokemon/_/70726f647563742f39387275736870535632503032373037312e6a7067003332300000740023666666666666.jpg,https://www.cardrush-pokemon.jp/product/41159
ミロカロスex【RR】{026/106},180,10,https://www.cardrush-pokemon.jp/data/cardrushpokemon/_/70726f647563742f323672757368705356383032363130362e6a7067003332300000740023666666666666.jpg,https://www.cardrush-pokemon.jp/product/59926
ヒンバス【C】{025/106},80,202,https://www.cardrush-pokemon.jp/data/cardrushpokemon/_/70726f647563742f323572757368705356383032353130362e6a7067003332300000740023666666666666.jpg,https://www.cardrush-pokemon.jp/product/59925
カラナクシ【C】{030/106},50,237,https://www.cardrush-pokemon.jp/data/cardrushpokemon/_/70726f647563742f333072757368705356383033303130362e6a7067003332300000740023666666666666.jpg,https://www.cardrush-pokemon.jp/product/59930
パオジアン【R】{032/106},80,128,https://www.cardrush-pokemon.jp/data/cardrushpokemon/_/70726f647563742f333272757368705356383033323130362e6a7067003332300000740023666666666666.jpg,https://www.cardrush-pokemon.jp/product/59932
セビエ【C】{024/071},80,287,https://www.cardrush-pokemon.jp/data/cardrushpokemon/_/70726f647563742f39357275736870535632503032343037312e6a7067003332300000740023666666666666.jpg,https://www.cardrush-pokemon.jp/product/41156
ハルクジラ【U】{022/071},80,248,https://www.cardrush-pokemon.jp/data/cardrushpokemon/_/70726f647563742f39337275736870535632503032323037312e6a7067003332300000740023666666666666.jpg,https://www.cardrush-pokemon.jp/product/41154
クワッス【C】{028/073},50,4,https://www.cardrush-pokemon.jp/data/cardrushpokemon/_/70726f647563742f32387275736870535631613032383037332e6a7067003332300000740023666666666666.jpg,https://www.cardrush-pokemon.jp/product/40488
ウネルミナモex【RR】{024/071},120,12,https://www.cardrush-pokemon.jp/data/cardrushpokemon/_/70726f647563742f323472757368705356354b3032343037312e6a7067003332300000740023666666666666.jpg,https://www.cardrush-pokemon.jp/product/52939
ゲコガシラ【C】{024/066},80,47,https://www.cardrush-pokemon.jp/data/cardrushpokemon/_/70726f647563742f32347275736870535635613032343036362e6a7067003332300000740023666666666666.jpg,https://www.cardrush-pokemon.jp/product/54708
ケロマツ【C】{023/066},80,48,https://www.cardrush-pokemon.jp/data/cardrushpokemon/_/70726f647563742f32337275736870535635613032333036362e6a7067003332300000740023666666666666.jpg,https://www.cardrush-pokemon.jp/product/54707
オーダイル【R】{015/071},120,15,https://www.cardrush-pokemon.jp/data/cardrushpokemon/_/70726f647563742f313572757368705356354b3031353037312e6a7067003332300000740023666666666666.jpg,https://www.cardrush-pokemon.jp/product/52930
ワニノコ【C】{013/071},80,15,https://www.cardrush-pokemon.jp/data/cardrushpokemon/_/70726f647563742f313372757368705356354b3031333037312e6a7067003332300000740023666666666666.jpg,https://www.cardrush-pokemon.jp/product/52928
ウェルカモ【-】{003/023},80,138,https://www.cardrush-pokemon.jp/data/cardrushpokemon/_/70726f647563742f3230397275736870535641573030333032332e6a7067003332300000740023666666666666.jpg,https://www.cardrush-pokemon.jp/product/39398
バニプッチ【C】{017/066},80,193,https://www.cardrush-pokemon.jp/data/cardrushpokemon/_/70726f647563742f383372757368705356344d3031373036362e6a7067003332300000740023666666666666.jpg,https://www.cardrush-pokemon.jp/product/49221
バイバニラ【U】{019/066},80,197,https://www.cardrush-pokemon.jp/data/cardrushpokemon/_/70726f647563742f383572757368705356344d3031393036362e6a7067003332300000740023666666666666.jpg,https://www.cardrush-pokemon.jp/product/49223
アマージョex【RR】{020/066},180,31,https://www.cardrush-pokemon.jp/data/cardrushpokemon/_/70726f647563742f323072757368705356344b3032303036362e6a7067003332300000740023666666666666.jpg,https://www.cardrush-pokemon.jp/product/49158
クワッス【-】{002/023},120,364,https://www.cardrush-pokemon.jp/data/cardrushpokemon/_/70726f647563742f3230387275736870535641573030323032332e6a7067003332300000740023666666666666.jpg,https://www.cardrush-pokemon.jp/product/39397
シャリタツ【U】{022/078},80,245,https://www.cardrush-pokemon.jp/data/cardrushpokemon/_/70726f647563742f32327275736870535631533032323037382e6a7067003332300000740023666666666666.jpg,https://www.cardrush-pokemon.jp/product/39211
ガブリアスex【RR】{006/062},120,6,https://www.cardrush-pokemon.jp/data/cardrushpokemon/_/70726f647563742f367275736870535633613030363036322e6a7067003332300000740023666666666666.jpg,https://www.cardrush-pokemon.jp/product/47604
オーガポンいどのめんex【RR】{038/101},180,61,https://www.cardrush-pokemon.jp/data/cardrushpokemon/_/70726f647563742f333872757368705356363033383130312e6a7067003332300000740023666666666666.jpg,https://www.cardrush-pokemon.jp/product/55513
イルカマン【U】{035/101},80,384,https://www.cardrush-pokemon.jp/data/cardrushpokemon/_/70726f647563742f333572757368705356363033353130312e6a7067003332300000740023666666666666.jpg,https://www.cardrush-pokemon.jp/product/55510
ユキメノコ【R】{033/101},280,55,https://www.cardrush-pokemon.jp/data/cardrushpokemon/_/70726f647563742f333372757368705356363033333130312e6a7067003332300000740023666666666666.jpg,https://www.cardrush-pokemon.jp/product/55508
ミガルーサ【U】{027/102},30,52,https://www.cardrush-pokemon.jp/data/cardrushpokemon/_/70726f647563742f323772757368705356373032373130322e6a7067003332300000740023666666666666.jpg,https://www.cardrush-pokemon.jp/product/57992
ラプラスex【RR】{019/102},380,91,https://www.cardrush-pokemon.jp/data/cardrushpokemon/_/70726f647563742f313972757368705356373031393130322e6a7067003332300000740023666666666666.jpg,https://www.cardrush-pokemon.jp/product/57984
ケケンカニ【U】{024/102},80,75,https://www.cardrush-pokemon.jp/data/cardrushpokemon/_/70726f647563742f323472757368705356373032343130322e6a7067003332300000740023666666666666.jpg,https://www.cardrush-pokemon.jp/product/57989
メリープ【C】{027/083},30,860,https://www.cardrush-pokemon.jp/data/cardrushpokemon/_/70726f647563742f43525f4d345f3032372e6a7067003332300000740023666666666666.jpg,https://www.cardrush-pokemon.jp/product/79805
モココ【C】{028/083},30,883,https://www.cardrush-pokemon.jp/data/cardrushpokemon/_/70726f647563742f43525f4d345f3032382e6a7067003332300000740023666666666666.jpg,https://www.cardrush-pokemon.jp/product/79806
デンリュウ【R】{029/083},80,283,https://www.cardrush-pokemon.jp/data/cardrushpokemon/_/70726f647563742f43525f4d345f3032392e6a7067003332300000740023666666666666.jpg,https://www.cardrush-pokemon.jp/product/79807
メガシビルドンex【RR】{049/193},80,45,https://www.cardrush-pokemon.jp/data/cardrushpokemon/_/70726f647563742f43525f4d32615f3034392e6a7067003332300000740023666666666666.jpg,https://www.cardrush-pokemon.jp/product/73310
ロトムex【RR】{029/080},80,2,https://www.cardrush-pokemon.jp/data/cardrushpokemon/_/70726f647563742f43525f505f4d325f3032392e6a7067003332300000740023666666666666.jpg,https://www.cardrush-pokemon.jp/product/71630
パモ【C】{032/080},50,297,https://www.cardrush-pokemon.jp/data/cardrushpokemon/_/70726f647563742f43525f505f4d325f3033322e6a7067003332300000740023666666666666.jpg,https://www.cardrush-pokemon.jp/product/71633
パモット【C】{033/080},50,434,https://www.cardrush-pokemon.jp/data/cardrushpokemon/_/70726f647563742f43525f505f4d325f3033332e6a7067003332300000740023666666666666.jpg,https://www.cardrush-pokemon.jp/product/71634
パーモット【R】{034/080},80,311,https://www.cardrush-pokemon.jp/data/cardrushpokemon/_/70726f647563742f43525f505f4d325f3033342e6a7067003332300000740023666666666666.jpg,https://www.cardrush-pokemon.jp/product/71635
メガライボルトex【RR】{032/063},120,69,https://www.cardrush-pokemon.jp/data/cardrushpokemon/_/70726f647563742f43525f4d31535f3033322e6a7067003332300000740023666666666666.jpg,https://www.cardrush-pokemon.jp/product/69879
コイル【C】{027/063},80,268,https://www.cardrush-pokemon.jp/data/cardrushpokemon/_/70726f647563742f43525f4d31535f3032372e6a7067003332300000740023666666666666.jpg,https://www.cardrush-pokemon.jp/product/69874
シビビール【AR】{118/086},1380,277,https://www.cardrush-pokemon.jp/data/cardrushpokemon/_/70726f647563742f5356313142415253525f35372e6a7067003332300000740023666666666666.jpg,https://www.cardrush-pokemon.jp/product/67287
シビビール(モンスターボールミラー)【U】{034/086},120,93,https://www.cardrush-pokemon.jp/data/cardrushpokemon/_/70726f647563742f53563131626d626d6f6e737465725f34392e6a7067003332300000740023666666666666.jpg,https://www.cardrush-pokemon.jp/product/67207
シビビール【U】{034/086},80,506,https://www.cardrush-pokemon.jp/data/cardrushpokemon/_/70726f647563742f505f53563131425f33342e6a7067003332300000740023666666666666.jpg,https://www.cardrush-pokemon.jp/product/66943
シビシラス【AR】{117/086},1880,15,https://www.cardrush-pokemon.jp/data/cardrushpokemon/_/70726f647563742f5356313142415253525f35392e6a7067003332300000740023666666666666.jpg,https://www.cardrush-pokemon.jp/product/67286
シビシラス(モンスターボールミラー)【C】{033/086},120,46,https://www.cardrush-pokemon.jp/data/cardrushpokemon/_/70726f647563742f53563131626d626d6f6e737465725f35302e6a7067003332300000740023666666666666.jpg,https://www.cardrush-pokemon.jp/product/67206
シビシラス【C】{033/086},80,640,https://www.cardrush-pokemon.jp/data/cardrushpokemon/_/70726f647563742f505f53563131425f33332e6a7067003332300000740023666666666666.jpg,https://www.cardrush-pokemon.jp/product/66942
エモンガ【C】{032/086},80,8,https://www.cardrush-pokemon.jp/data/cardrushpokemon/_/70726f647563742f505f53563131425f33322e6a7067003332300000740023666666666666.jpg,https://www.cardrush-pokemon.jp/product/66941
ロケット団のサンダー【R】{033/098},220,7,https://www.cardrush-pokemon.jp/data/cardrushpokemon/_/70726f647563742f43525f535631305f3033332e6a7067003332300000740023666666666666.jpg,https://www.cardrush-pokemon.jp/product/65165
ゼラオラ【R】{040/063},80,164,https://www.cardrush-pokemon.jp/data/cardrushpokemon/_/70726f647563742f34307275736870535639613034303036332e6a7067003332300000740023666666666666.jpg,https://www.cardrush-pokemon.jp/product/64461
ヒビキのピチュー【C】{036/063},50,241,https://www.cardrush-pokemon.jp/data/cardrushpokemon/_/70726f647563742f33367275736870535639613033363036332e6a7067003332300000740023666666666666.jpg,https://www.cardrush-pokemon.jp/product/64457
カプ・コケコex【RR】{019/062},80,52,https://www.cardrush-pokemon.jp/data/cardrushpokemon/_/70726f647563742f31397275736870535633613031393036322e6a7067003332300000740023666666666666.jpg,https://www.cardrush-pokemon.jp/product/47617
ナンジャモのハラバリーex【RR】{030/100},80,1,https://www.cardrush-pokemon.jp/data/cardrushpokemon/_/70726f647563742f333072757368705356393033303130302e6a7067003332300000740023666666666666.jpg,https://www.cardrush-pokemon.jp/product/63443
パーモットex(RR仕様)【-】{005/007},580,46,https://www.cardrush-pokemon.jp/data/cardrushpokemon/_/70726f647563742f357275736870535650313030353030372e6a7067003332300000740023666666666666.jpg,https://www.cardrush-pokemon.jp/product/42870
ランターン【U】{013/062},30,20,https://www.cardrush-pokemon.jp/data/cardrushpokemon/_/70726f647563742f31337275736870535633613031333036322e6a7067003332300000740023666666666666.jpg,https://www.cardrush-pokemon.jp/product/47611
ロトム【C】{037/106},80,102,https://www.cardrush-pokemon.jp/data/cardrushpokemon/_/70726f647563742f333772757368705356383033373130362e6a7067003332300000740023666666666666.jpg,https://www.cardrush-pokemon.jp/product/59937
ピカチュウex【RR】{033/106},480,2,https://www.cardrush-pokemon.jp/data/cardrushpokemon/_/70726f647563742f333372757368705356383033333130362e6a7067003332300000740023666666666666.jpg,https://www.cardrush-pokemon.jp/product/59933
コイル【C】{034/106},80,27,https://www.cardrush-pokemon.jp/data/cardrushpokemon/_/70726f647563742f333472757368705356383033343130362e6a7067003332300000740023666666666666.jpg,https://www.cardrush-pokemon.jp/product/59934
レアコイル【U】{035/106},80,565,https://www.cardrush-pokemon.jp/data/cardrushpokemon/_/70726f647563742f333572757368705356383033353130362e6a7067003332300000740023666666666666.jpg,https://www.cardrush-pokemon.jp/product/59935
パモット(ミラー)【-】{004/007},80,91,https://www.cardrush-pokemon.jp/data/cardrushpokemon/_/70726f647563742f347275736870535650313030343030372e6a7067003332300000740023666666666666.jpg,https://www.cardrush-pokemon.jp/product/42869
テツノイバラex【RR】{033/066},120,30,https://www.cardrush-pokemon.jp/data/cardrushpokemon/_/70726f647563742f33337275736870535635613033333036362e6a7067003332300000740023666666666666.jpg,https://www.cardrush-pokemon.jp/product/54717
モルペコ【U】{030/066},80,3,https://www.cardrush-pokemon.jp/data/cardrushpokemon/_/70726f647563742f33307275736870535635613033303036362e6a7067003332300000740023666666666666.jpg,https://www.cardrush-pokemon.jp/product/54714
デンリュウex(RR仕様)【-】{007/021},180,41,https://www.cardrush-pokemon.jp/data/cardrushpokemon/_/70726f647563742f31383972757368705356414c3030373032312e6a7067003332300000740023666666666666.jpg,https://www.cardrush-pokemon.jp/product/39378
バンギラスex【RR】{032/108},180,15,https://www.cardrush-pokemon.jp/data/cardrushpokemon/_/70726f647563742f333272757368705356333033323130382e6a7067003332300000740023666666666666.jpg,https://www.cardrush-pokemon.jp/product/45723
ミライドンex【RR】{037/078},180,75,https://www.cardrush-pokemon.jp/data/cardrushpokemon/_/70726f647563742f3131357275736870535631563033373037382e6a7067003332300000740023666666666666.jpg,https://www.cardrush-pokemon.jp/product/39304
デンチュラex【RR】{033/102},80,19,https://www.cardrush-pokemon.jp/data/cardrushpokemon/_/70726f647563742f333372757368705356373033333130322e6a7067003332300000740023666666666666.jpg,https://www.cardrush-pokemon.jp/product/57998
バチュル【C】{032/102},120,135,https://www.cardrush-pokemon.jp/data/cardrushpokemon/_/70726f647563742f333272757368705356373033323130322e6a7067003332300000740023666666666666.jpg,https://www.cardrush-pokemon.jp/product/57997
ピカチュウex(RR仕様)【-】{001/021},1480,1,https://www.cardrush-pokemon.jp/data/cardrushpokemon/_/70726f647563742f3172757368705356433030313032312e6a7067003332300000740023666666666666.jpg,https://www.cardrush-pokemon.jp/product/40881
コイル【-】{002/021},280,22,https://www.cardrush-pokemon.jp/data/cardrushpokemon/_/70726f647563742f3272757368705356433030323032312e6a7067003332300000740023666666666666.jpg,https://www.cardrush-pokemon.jp/product/40882
コリンク【-】{005/021},180,88,https://www.cardrush-pokemon.jp/data/cardrushpokemon/_/70726f647563742f3572757368705356433030353032312e6a7067003332300000740023666666666666.jpg,https://www.cardrush-pokemon.jp/product/40885
パーモット【R】{036/078},80,131,https://www.cardrush-pokemon.jp/data/cardrushpokemon/_/70726f647563742f3131347275736870535631563033363037382e6a7067003332300000740023666666666666.jpg,https://www.cardrush-pokemon.jp/product/39303
レントラーex【RR】{041/101},80,62,https://www.cardrush-pokemon.jp/data/cardrushpokemon/_/70726f647563742f343172757368705356363034313130312e6a7067003332300000740023666666666666.jpg,https://www.cardrush-pokemon.jp/product/55516
エレキッド【C】{022/066},50,121,https://www.cardrush-pokemon.jp/data/cardrushpokemon/_/70726f647563742f383872757368705356344d3032323036362e6a7067003332300000740023666666666666.jpg,https://www.cardrush-pokemon.jp/product/49226
ジバコイルex【RR】{028/078},120,44,https://www.cardrush-pokemon.jp/data/cardrushpokemon/_/70726f647563742f3130367275736870535631563032383037382e6a7067003332300000740023666666666666.jpg,https://www.cardrush-pokemon.jp/product/39295
コイル【C】{026/078},80,97,https://www.cardrush-pokemon.jp/data/cardrushpokemon/_/70726f647563742f3130347275736870535631563032363037382e6a7067003332300000740023666666666666.jpg,https://www.cardrush-pokemon.jp/product/39293
デオキシス【U】{032/083},80,347,https://www.cardrush-pokemon.jp/data/cardrushpokemon/_/70726f647563742f43525f4d345f3033322e6a7067003332300000740023666666666666.jpg,https://www.cardrush-pokemon.jp/product/79810
デオキシス【U】{034/083},80,433,https://www.cardrush-pokemon.jp/data/cardrushpokemon/_/70726f647563742f43525f4d345f3033342e6a7067003332300000740023666666666666.jpg,https://www.cardrush-pokemon.jp/product/79812
メガフラエッテex【RR】{035/083},80,118,https://www.cardrush-pokemon.jp/data/cardrushpokemon/_/70726f647563742f43525f4d345f3033352e6a7067003332300000740023666666666666.jpg,https://www.cardrush-pokemon.jp/product/79813
ピッピ【C】{029/080},50,526,https://www.cardrush-pokemon.jp/data/cardrushpokemon/_/70726f647563742f4352505f4d335f3032392e6a7067003332300000740023666666666666.jpg,https://www.cardrush-pokemon.jp/product/78656
ホップのボクレー【-】{077/193},80,76,https://www.cardrush-pokemon.jp/data/cardrushpokemon/_/70726f647563742f43525f4d32615f3037372e6a7067003332300000740023666666666666.jpg,https://www.cardrush-pokemon.jp/product/73338
シュシュプ【C】{034/080},50,589,https://www.cardrush-pokemon.jp/data/cardrushpokemon/_/70726f647563742f4352505f4d335f3033342e6a7067003332300000740023666666666666.jpg,https://www.cardrush-pokemon.jp/product/78661
フレフワン【U】{035/080},80,884,https://www.cardrush-pokemon.jp/data/cardrushpokemon/_/70726f647563742f4352505f4d335f3033352e6a7067003332300000740023666666666666.jpg,https://www.cardrush-pokemon.jp/product/78662
マリル【-】{295/742},480,3,https://www.cardrush-pokemon.jp/data/cardrushpokemon/_/70726f647563742f43525f505f4d435f3335302e4a5047003332300000740023666666666666.jpg,https://www.cardrush-pokemon.jp/product/75283
ホップのオーロット(R仕様)【-】{078/193},80,229,https://www.cardrush-pokemon.jp/data/cardrushpokemon/_/70726f647563742f43525f4d32615f3037382e6a7067003332300000740023666666666666.jpg,https://www.cardrush-pokemon.jp/product/73339
レイスポス【-】{080/193},80,192,https://www.cardrush-pokemon.jp/data/cardrushpokemon/_/70726f647563742f43525f4d32615f3038302e6a7067003332300000740023666666666666.jpg,https://www.cardrush-pokemon.jp/product/73341
メガサーナイトex【RR】{042/063},120,1,https://www.cardrush-pokemon.jp/data/cardrushpokemon/_/70726f647563742f43525f4d31535f3034322e6a7067003332300000740023666666666666.jpg,https://www.cardrush-pokemon.jp/product/69889
キルリア【C】{041/063},80,331,https://www.cardrush-pokemon.jp/data/cardrushpokemon/_/70726f647563742f43525f4d31535f3034312e6a7067003332300000740023666666666666.jpg,https://www.cardrush-pokemon.jp/product/69888
ラルトス【C】{040/063},80,438,https://www.cardrush-pokemon.jp/data/cardrushpokemon/_/70726f647563742f43525f4d31535f3034302e6a7067003332300000740023666666666666.jpg,https://www.cardrush-pokemon.jp/product/69887
フーディン【R】{038/063},120,452,https://www.cardrush-pokemon.jp/data/cardrushpokemon/_/70726f647563742f43525f4d31535f3033382e6a7067003332300000740023666666666666.jpg,https://www.cardrush-pokemon.jp/product/69885
ユンゲラー【U】{037/063},80,52,https://www.cardrush-pokemon.jp/data/cardrushpokemon/_/70726f647563742f43525f4d31535f3033372e6a7067003332300000740023666666666666.jpg,https://www.cardrush-pokemon.jp/product/69884
メロエッタex【RR】{047/086},120,28,https://www.cardrush-pokemon.jp/data/cardrushpokemon/_/70726f647563742f505f53563131425f34372e6a7067003332300000740023666666666666.jpg,https://www.cardrush-pokemon.jp/product/66956
ブルンゲルex【RR】{042/086},180,191,https://www.cardrush-pokemon.jp/data/cardrushpokemon/_/70726f647563742f505f53563131575f34322e6a7067003332300000740023666666666666.jpg,https://www.cardrush-pokemon.jp/product/67037
プルリル【AR】{124/086},1580,10,https://www.cardrush-pokemon.jp/data/cardrushpokemon/_/70726f647563742f737631317741525f33382e6a7067003332300000740023666666666666.jpg,https://www.cardrush-pokemon.jp/product/67533
プルリル(モンスターボールミラー)【C】{041/086},280,44,https://www.cardrush-pokemon.jp/data/cardrushpokemon/_/70726f647563742f53563131576d6f6e737465725f34332e6a7067003332300000740023666666666666.jpg,https://www.cardrush-pokemon.jp/product/67453
プルリル【C】{041/086},80,226,https://www.cardrush-pokemon.jp/data/cardrushpokemon/_/70726f647563742f505f53563131575f34312e6a7067003332300000740023666666666666.jpg,https://www.cardrush-pokemon.jp/product/67036
シンボラー【U】{035/086},30,98,https://www.cardrush-pokemon.jp/data/cardrushpokemon/_/70726f647563742f505f53563131575f33352e6a7067003332300000740023666666666666.jpg,https://www.cardrush-pokemon.jp/product/67030
ロケット団のミュウツーex【RR】{039/098},680,4,https://www.cardrush-pokemon.jp/data/cardrushpokemon/_/70726f647563742f43525f535631305f3033392e6a7067003332300000740023666666666666.jpg,https://www.cardrush-pokemon.jp/product/65171
ロケット団のソーナンス【R】{040/098},80,250,https://www.cardrush-pokemon.jp/data/cardrushpokemon/_/70726f647563742f43525f535631305f3034302e6a7067003332300000740023666666666666.jpg,https://www.cardrush-pokemon.jp/product/65172
ロケット団のリーシャン【C】{041/098},80,204,https://www.cardrush-pokemon.jp/data/cardrushpokemon/_/70726f647563742f43525f535631305f3034312e6a7067003332300000740023666666666666.jpg,https://www.cardrush-pokemon.jp/product/65173
ロケット団のミミッキュ【U】{042/098},80,488,https://www.cardrush-pokemon.jp/data/cardrushpokemon/_/70726f647563742f43525f535631305f3034322e6a7067003332300000740023666666666666.jpg,https://www.cardrush-pokemon.jp/product/65174
コレクレー【C】{024/064},120,159,https://www.cardrush-pokemon.jp/data/cardrushpokemon/_/70726f647563742f32347275736870535637613032343036342e6a7067003332300000740023666666666666.jpg,https://www.cardrush-pokemon.jp/product/59488
デスカーン【R】{052/106},80,68,https://www.cardrush-pokemon.jp/data/cardrushpokemon/_/70726f647563742f353272757368705356383035323130362e6a7067003332300000740023666666666666.jpg,https://www.cardrush-pokemon.jp/product/59952
ニャスパー【C】{053/106},50,202,https://www.cardrush-pokemon.jp/data/cardrushpokemon/_/70726f647563742f353372757368705356383035333130362e6a7067003332300000740023666666666666.jpg,https://www.cardrush-pokemon.jp/product/59953
トゲピー【C】{045/106},50,211,https://www.cardrush-pokemon.jp/data/cardrushpokemon/_/70726f647563742f343572757368705356383034353130362e6a7067003332300000740023666666666666.jpg,https://www.cardrush-pokemon.jp/product/59945
トゲキッス【R】{047/106},80,292,https://www.cardrush-pokemon.jp/data/cardrushpokemon/_/70726f647563742f343772757368705356383034373130362e6a7067003332300000740023666666666666.jpg,https://www.cardrush-pokemon.jp/product/59947
ハカドッグex(RR仕様)【-】{007/007},120,31,https://www.cardrush-pokemon.jp/data/cardrushpokemon/_/70726f647563742f377275736870535650313030373030372e6a7067003332300000740023666666666666.jpg,https://www.cardrush-pokemon.jp/product/42872
ミュウex【RR】{151/165},380,1,https://www.cardrush-pokemon.jp/data/cardrushpokemon/_/70726f647563742f3135317275736870535632613135313136352e6a7067003332300000740023666666666666.jpg,https://www.cardrush-pokemon.jp/product/43492
ケーシィ【C】{063/165},50,72,https://www.cardrush-pokemon.jp/data/cardrushpokemon/_/70726f647563742f36337275736870535632613036333136352e6a7067003332300000740023666666666666.jpg,https://www.cardrush-pokemon.jp/product/43404
ボチ(ミラー)【-】{006/007},80,136,https://www.cardrush-pokemon.jp/data/cardrushpokemon/_/70726f647563742f367275736870535650313030363030372e6a7067003332300000740023666666666666.jpg,https://www.cardrush-pokemon.jp/product/42871
コレクレー【C】{021/062},80,156,https://www.cardrush-pokemon.jp/data/cardrushpokemon/_/70726f647563742f32317275736870535633613032313036322e6a7067003332300000740023666666666666.jpg,https://www.cardrush-pokemon.jp/product/47619
テツノカシラex【RR】{036/071},80,11,https://www.cardrush-pokemon.jp/data/cardrushpokemon/_/70726f647563742f31303772757368705356354d3033363037312e6a7067003332300000740023666666666666.jpg,https://www.cardrush-pokemon.jp/product/53022
ドータクン【U】{029/071},80,164,https://www.cardrush-pokemon.jp/data/cardrushpokemon/_/70726f647563742f323972757368705356354b3032393037312e6a7067003332300000740023666666666666.jpg,https://www.cardrush-pokemon.jp/product/52944
ドーミラー【C】{028/071},280,34,https://www.cardrush-pokemon.jp/data/cardrushpokemon/_/70726f647563742f323872757368705356354b3032383037312e6a7067003332300000740023666666666666.jpg,https://www.cardrush-pokemon.jp/product/52943
コレクレー【C】{020/062},80,285,https://www.cardrush-pokemon.jp/data/cardrushpokemon/_/70726f647563742f32307275736870535633613032303036322e6a7067003332300000740023666666666666.jpg,https://www.cardrush-pokemon.jp/product/47618
デカヌチャンex【RR】{035/071},180,73,https://www.cardrush-pokemon.jp/data/cardrushpokemon/_/70726f647563742f33357275736870535632443033353037312e6a7067003332300000740023666666666666.jpg,https://www.cardrush-pokemon.jp/product/41096
ミカルゲ【R】{028/071},80,159,https://www.cardrush-pokemon.jp/data/cardrushpokemon/_/70726f647563742f32387275736870535632443032383037312e6a7067003332300000740023666666666666.jpg,https://www.cardrush-pokemon.jp/product/41089
サマヨール【C】{019/064},80,213,https://www.cardrush-pokemon.jp/data/cardrushpokemon/_/70726f647563742f31397275736870535636613031393036342e6a7067003332300000740023666666666666.jpg,https://www.cardrush-pokemon.jp/product/57299
ソルロック【U】{048/108},80,45,https://www.cardrush-pokemon.jp/data/cardrushpokemon/_/70726f647563742f343872757368705356333034383130382e6a7067003332300000740023666666666666.jpg,https://www.cardrush-pokemon.jp/product/45739
ルナトーン【U】{047/108},50,232,https://www.cardrush-pokemon.jp/data/cardrushpokemon/_/70726f647563742f343772757368705356333034373130382e6a7067003332300000740023666666666666.jpg,https://www.cardrush-pokemon.jp/product/45738
ピィ【C】{042/108},80,226,https://www.cardrush-pokemon.jp/data/cardrushpokemon/_/70726f647563742f343272757368705356333034323130382e6a7067003332300000740023666666666666.jpg,https://www.cardrush-pokemon.jp/product/45733
ミミッキュex(RR仕様)【-】{006/023},980,6,https://www.cardrush-pokemon.jp/data/cardrushpokemon/_/70726f647563742f3231327275736870535641573030363032332e6a7067003332300000740023666666666666.jpg,https://www.cardrush-pokemon.jp/product/39401
サケブシッポ【U】{032/066},80,153,https://www.cardrush-pokemon.jp/data/cardrushpokemon/_/70726f647563742f333272757368705356344b3033323036362e6a7067003332300000740023666666666666.jpg,https://www.cardrush-pokemon.jp/product/49170
ハカドッグ【R】{048/078},80,267,https://www.cardrush-pokemon.jp/data/cardrushpokemon/_/70726f647563742f3132367275736870535631563034383037382e6a7067003332300000740023666666666666.jpg,https://www.cardrush-pokemon.jp/product/39315
ボチ【C】{046/078},50,183,https://www.cardrush-pokemon.jp/data/cardrushpokemon/_/70726f647563742f3132347275736870535631563034363037382e6a7067003332300000740023666666666666.jpg,https://www.cardrush-pokemon.jp/product/39313
ナカヌチャン【C】{042/073},50,10,https://www.cardrush-pokemon.jp/data/cardrushpokemon/_/70726f647563742f34327275736870535631613034323037332e6a7067003332300000740023666666666666.jpg,https://www.cardrush-pokemon.jp/product/40502
カゲボウズ【C】{040/078},80,162,https://www.cardrush-pokemon.jp/data/cardrushpokemon/_/70726f647563742f3131387275736870535631563034303037382e6a7067003332300000740023666666666666.jpg,https://www.cardrush-pokemon.jp/product/39307
フワンテ【C】{029/078},80,1,https://www.cardrush-pokemon.jp/data/cardrushpokemon/_/70726f647563742f32397275736870535631533032393037382e6a7067003332300000740023666666666666.jpg,https://www.cardrush-pokemon.jp/product/39218
バウッツェルex【RR】{046/102},180,1,https://www.cardrush-pokemon.jp/data/cardrushpokemon/_/70726f647563742f343672757368705356373034363130322e6a7067003332300000740023666666666666.jpg,https://www.cardrush-pokemon.jp/product/58011
キュワワー【C】{042/102},50,17,https://www.cardrush-pokemon.jp/data/cardrushpokemon/_/70726f647563742f343272757368705356373034323130322e6a7067003332300000740023666666666666.jpg,https://www.cardrush-pokemon.jp/product/58007
ケーシィ【C】{047/101},80,220,https://www.cardrush-pokemon.jp/data/cardrushpokemon/_/70726f647563742f343772757368705356363034373130312e6a7067003332300000740023666666666666.jpg,https://www.cardrush-pokemon.jp/product/55522
カメテテ【C】{041/080},80,228,https://www.cardrush-pokemon.jp/data/cardrushpokemon/_/70726f647563742f4352505f4d335f3034312e6a7067003332300000740023666666666666.jpg,https://www.cardrush-pokemon.jp/product/78668
ガメノデス【U】{042/080},80,982,https://www.cardrush-pokemon.jp/data/cardrushpokemon/_/70726f647563742f4352505f4d335f3034322e6a7067003332300000740023666666666666.jpg,https://www.cardrush-pokemon.jp/product/78669
メガジガルデex【RR】{046/080},120,16,https://www.cardrush-pokemon.jp/data/cardrushpokemon/_/70726f647563742f4352505f4d335f3034362e6a7067003332300000740023666666666666.jpg,https://www.cardrush-pokemon.jp/product/78673
メレシー【-】{400/742},280,70,https://www.cardrush-pokemon.jp/data/cardrushpokemon/_/70726f647563742f43525f505f4d435f3436352e4a5047003332300000740023666666666666.jpg,https://www.cardrush-pokemon.jp/product/75398
コライドンex(ノーマル仕様)【-】{425/742},380,84,https://www.cardrush-pokemon.jp/data/cardrushpokemon/_/70726f647563742f43525f505f4d435f3439312e4a5047003332300000740023666666666666.jpg,https://www.cardrush-pokemon.jp/product/75424
コライドンex(ミラー)【-】{425/742},580,17,https://www.cardrush-pokemon.jp/data/cardrushpokemon/_/70726f647563742f43525f505f4d435f3439322e4a5047003332300000740023666666666666.jpg,https://www.cardrush-pokemon.jp/product/75425
ルナトーン(R仕様)【-】{086/193},80,1,https://www.cardrush-pokemon.jp/data/cardrushpokemon/_/70726f647563742f43525f4d32615f3038362e6a7067003332300000740023666666666666.jpg,https://www.cardrush-pokemon.jp/product/73347
メガルチャブルex【RR】{094/193},80,28,https://www.cardrush-pokemon.jp/data/cardrushpokemon/_/70726f647563742f43525f4d32615f3039342e6a7067003332300000740023666666666666.jpg,https://www.cardrush-pokemon.jp/product/73355
メガルカリオex【RR】{029/063},220,135,https://www.cardrush-pokemon.jp/data/cardrushpokemon/_/70726f647563742f43525f4d314c5f3032392e6a7067003332300000740023666666666666.jpg,https://www.cardrush-pokemon.jp/product/69813
リオル【C】{028/063},80,76,https://www.cardrush-pokemon.jp/data/cardrushpokemon/_/70726f647563742f43525f4d314c5f3032382e6a7067003332300000740023666666666666.jpg,https://www.cardrush-pokemon.jp/product/69812
ソルロック【U】{027/063},80,153,https://www.cardrush-pokemon.jp/data/cardrushpokemon/_/70726f647563742f43525f4d314c5f3032372e6a7067003332300000740023666666666666.jpg,https://www.cardrush-pokemon.jp/product/69811
ルナトーン【R】{026/063},80,64,https://www.cardrush-pokemon.jp/data/cardrushpokemon/_/70726f647563742f43525f4d314c5f3032362e6a7067003332300000740023666666666666.jpg,https://www.cardrush-pokemon.jp/product/69810
ハリテヤマ【R】{025/063},320,167,https://www.cardrush-pokemon.jp/data/cardrushpokemon/_/70726f647563742f43525f4d314c5f3032352e6a7067003332300000740023666666666666.jpg,https://www.cardrush-pokemon.jp/product/69809
マクノシタ【C】{024/063},80,270,https://www.cardrush-pokemon.jp/data/cardrushpokemon/_/70726f647563742f43525f4d314c5f3032342e6a7067003332300000740023666666666666.jpg,https://www.cardrush-pokemon.jp/product/69808
ドリュウズex【RR】{049/086},80,80,https://www.cardrush-pokemon.jp/data/cardrushpokemon/_/70726f647563742f505f53563131425f34392e6a7067003332300000740023666666666666.jpg,https://www.cardrush-pokemon.jp/product/66958
モグリュー【C】{048/086},50,759,https://www.cardrush-pokemon.jp/data/cardrushpokemon/_/70726f647563742f505f53563131425f34382e6a7067003332300000740023666666666666.jpg,https://www.cardrush-pokemon.jp/product/66957
テラキオン【R】{051/086},80,345,https://www.cardrush-pokemon.jp/data/cardrushpokemon/_/70726f647563742f505f53563131575f35312e6a7067003332300000740023666666666666.jpg,https://www.cardrush-pokemon.jp/product/67046
ロケット団のヨーギラス【C】{048/098},50,659,https://www.cardrush-pokemon.jp/data/cardrushpokemon/_/70726f647563742f43525f535631305f3034382e6a7067003332300000740023666666666666.jpg,https://www.cardrush-pokemon.jp/product/65180
ロケット団のサナギラス【U】{049/098},50,238,https://www.cardrush-pokemon.jp/data/cardrushpokemon/_/70726f647563742f43525f535631305f3034392e6a7067003332300000740023666666666666.jpg,https://www.cardrush-pokemon.jp/product/65181
ロケット団のバンギラス【R】{050/098},280,82,https://www.cardrush-pokemon.jp/data/cardrushpokemon/_/70726f647563742f43525f535631305f3035302e6a7067003332300000740023666666666666.jpg,https://www.cardrush-pokemon.jp/product/65182
シロナのガバイト【C】{043/063},80,113,https://www.cardrush-pokemon.jp/data/cardrushpokemon/_/70726f647563742f34337275736870535639613034333036332e6a7067003332300000740023666666666666.jpg,https://www.cardrush-pokemon.jp/product/64464
シロナのフカマル【C】{042/063},80,105,https://www.cardrush-pokemon.jp/data/cardrushpokemon/_/70726f647563742f34327275736870535639613034323036332e6a7067003332300000740023666666666666.jpg,https://www.cardrush-pokemon.jp/product/64463
ヒビキのウソッキー【C】{041/063},220,38,https://www.cardrush-pokemon.jp/data/cardrushpokemon/_/70726f647563742f34317275736870535639613034313036332e6a7067003332300000740023666666666666.jpg,https://www.cardrush-pokemon.jp/product/64462
マンムーex【RR】{046/100},80,147,https://www.cardrush-pokemon.jp/data/cardrushpokemon/_/70726f647563742f343672757368705356393034363130302e6a7067003332300000740023666666666666.jpg,https://www.cardrush-pokemon.jp/product/63459
サワムラー【U】{106/165},50,1,https://www.cardrush-pokemon.jp/data/cardrushpokemon/_/70726f647563742f3130367275736870535632613130363136352e6a7067003332300000740023666666666666.jpg,https://www.cardrush-pokemon.jp/product/43447
テツノイワオex【RR】{041/071},80,23,https://www.cardrush-pokemon.jp/data/cardrushpokemon/_/70726f647563742f31313272757368705356354d3034313037312e6a7067003332300000740023666666666666.jpg,https://www.cardrush-pokemon.jp/product/53027
ディンルーex【RR】{049/071},120,27,https://www.cardrush-pokemon.jp/data/cardrushpokemon/_/70726f647563742f34397275736870535632443034393037312e6a7067003332300000740023666666666666.jpg,https://www.cardrush-pokemon.jp/product/41110
キラーメ【C】{042/071},80,437,https://www.cardrush-pokemon.jp/data/cardrushpokemon/_/70726f647563742f3131337275736870535632503034323037312e6a7067003332300000740023666666666666.jpg,https://www.cardrush-pokemon.jp/product/41174
トリトドン【R】{066/106},80,285,https://www.cardrush-pokemon.jp/data/cardrushpokemon/_/70726f647563742f363672757368705356383036363130362e6a7067003332300000740023666666666666.jpg,https://www.cardrush-pokemon.jp/product/59966
コライドン【U】{069/106},80,400,https://www.cardrush-pokemon.jp/data/cardrushpokemon/_/70726f647563742f363972757368705356383036393130362e6a7067003332300000740023666666666666.jpg,https://www.cardrush-pokemon.jp/product/59969
ナマズン【U】{039/071},80,125,https://www.cardrush-pokemon.jp/data/cardrushpokemon/_/70726f647563742f33397275736870535632443033393037312e6a7067003332300000740023666666666666.jpg,https://www.cardrush-pokemon.jp/product/41100
ゲッコウガex【RR】{045/066},680,122,https://www.cardrush-pokemon.jp/data/cardrushpokemon/_/70726f647563742f34357275736870535635613034353036362e6a7067003332300000740023666666666666.jpg,https://www.cardrush-pokemon.jp/product/54729
ヒスイウインディ【R】{042/066},80,70,https://www.cardrush-pokemon.jp/data/cardrushpokemon/_/70726f647563742f34327275736870535635613034323036362e6a7067003332300000740023666666666666.jpg,https://www.cardrush-pokemon.jp/product/54726
ガチグマアカツキ【R】{025/064},80,238,https://www.cardrush-pokemon.jp/data/cardrushpokemon/_/70726f647563742f32357275736870535636613032353036342e6a7067003332300000740023666666666666.jpg,https://www.cardrush-pokemon.jp/product/57305
ドジョッチ【C】{038/071},80,82,https://www.cardrush-pokemon.jp/data/cardrushpokemon/_/70726f647563742f33387275736870535632443033383037312e6a7067003332300000740023666666666666.jpg,https://www.cardrush-pokemon.jp/product/41099
ルチャブル【P】{034/SV-P},280,1,https://www.cardrush-pokemon.jp/data/cardrushpokemon/_/70726f647563742f32303233303133315f6163363733652e6a7067003332300000740023666666666666.jpg,https://www.cardrush-pokemon.jp/product/40103
ガケガニex(RR仕様)【P】{027/SV-P},280,21,https://www.cardrush-pokemon.jp/data/cardrushpokemon/_/70726f647563742f3032375356502e6a7067003332300000740023666666666666.jpg,https://www.cardrush-pokemon.jp/product/39943
コノヨザル【R】{051/078},80,291,https://www.cardrush-pokemon.jp/data/cardrushpokemon/_/70726f647563742f3132397275736870535631563035313037382e6a7067003332300000740023666666666666.jpg,https://www.cardrush-pokemon.jp/product/39318
オコリザル【C】{050/078},50,149,https://www.cardrush-pokemon.jp/data/cardrushpokemon/_/70726f647563742f3132387275736870535631563035303037382e6a7067003332300000740023666666666666.jpg,https://www.cardrush-pokemon.jp/product/39317
イダイナキバex【RR】{049/078},80,7,https://www.cardrush-pokemon.jp/data/cardrushpokemon/_/70726f647563742f34397275736870535631533034393037382e6a7067003332300000740023666666666666.jpg,https://www.cardrush-pokemon.jp/product/39238
マンキー【C】{049/078},50,250,https://www.cardrush-pokemon.jp/data/cardrushpokemon/_/70726f647563742f3132377275736870535631563034393037382e6a7067003332300000740023666666666666.jpg,https://www.cardrush-pokemon.jp/product/39316
ガケガニ【U】{031/062},120,273,https://www.cardrush-pokemon.jp/data/cardrushpokemon/_/70726f647563742f33317275736870535633613033313036322e6a7067003332300000740023666666666666.jpg,https://www.cardrush-pokemon.jp/product/47629
メテノ【U】{030/062},50,57,https://www.cardrush-pokemon.jp/data/cardrushpokemon/_/70726f647563742f33307275736870535633613033303036322e6a7067003332300000740023666666666666.jpg,https://www.cardrush-pokemon.jp/product/47628
フカマル【C】{027/062},80,30,https://www.cardrush-pokemon.jp/data/cardrushpokemon/_/70726f647563742f32377275736870535633613032373036322e6a7067003332300000740023666666666666.jpg,https://www.cardrush-pokemon.jp/product/47625
チヲハウハネ【U】{041/066},80,243,https://www.cardrush-pokemon.jp/data/cardrushpokemon/_/70726f647563742f343172757368705356344b3034313036362e6a7067003332300000740023666666666666.jpg,https://www.cardrush-pokemon.jp/product/49179
グラードン【R】{026/062},80,84,https://www.cardrush-pokemon.jp/data/cardrushpokemon/_/70726f647563742f32367275736870535633613032363036322e6a7067003332300000740023666666666666.jpg,https://www.cardrush-pokemon.jp/product/47624
ドンファン【U】{025/062},30,97,https://www.cardrush-pokemon.jp/data/cardrushpokemon/_/70726f647563742f32357275736870535633613032353036322e6a7067003332300000740023666666666666.jpg,https://www.cardrush-pokemon.jp/product/47623
マケンカニ【C】{059/102},30,75,https://www.cardrush-pokemon.jp/data/cardrushpokemon/_/70726f647563742f353972757368705356373035393130322e6a7067003332300000740023666666666666.jpg,https://www.cardrush-pokemon.jp/product/58024
チャーレムex【RR】{054/102},80,13,https://www.cardrush-pokemon.jp/data/cardrushpokemon/_/70726f647563742f353472757368705356373035343130322e6a7067003332300000740023666666666666.jpg,https://www.cardrush-pokemon.jp/product/58019
イイネイヌ【R】{064/101},120,14,https://www.cardrush-pokemon.jp/data/cardrushpokemon/_/70726f647563742f363472757368705356363036343130312e6a7067003332300000740023666666666666.jpg,https://www.cardrush-pokemon.jp/product/55539
ローブシン【U】{061/101},80,96,https://www.cardrush-pokemon.jp/data/cardrushpokemon/_/70726f647563742f363172757368705356363036313130312e6a7067003332300000740023666666666666.jpg,https://www.cardrush-pokemon.jp/product/55536
ドッコラー【C】{059/101},50,587,https://www.cardrush-pokemon.jp/data/cardrushpokemon/_/70726f647563742f353972757368705356363035393130312e6a7067003332300000740023666666666666.jpg,https://www.cardrush-pokemon.jp/product/55534
ゴルバット【C】{049/083},50,84,https://www.cardrush-pokemon.jp/data/cardrushpokemon/_/70726f647563742f43525f4d345f3034392e6a7067003332300000740023666666666666.jpg,https://www.cardrush-pokemon.jp/product/79827
イベルタルex【RR】{052/080},80,278,https://www.cardrush-pokemon.jp/data/cardrushpokemon/_/70726f647563742f4352505f4d335f3035322e6a7067003332300000740023666666666666.jpg,https://www.cardrush-pokemon.jp/product/78679
ズルッグ【-】{109/193},30,2,https://www.cardrush-pokemon.jp/data/cardrushpokemon/_/70726f647563742f43525f4d32615f3130392e6a7067003332300000740023666666666666.jpg,https://www.cardrush-pokemon.jp/product/73370
メガズルズキンex【RR】{110/193},80,53,https://www.cardrush-pokemon.jp/data/cardrushpokemon/_/70726f647563742f43525f4d32615f3131302e6a7067003332300000740023666666666666.jpg,https://www.cardrush-pokemon.jp/product/73371
キバニア【C】{050/080},80,689,https://www.cardrush-pokemon.jp/data/cardrushpokemon/_/70726f647563742f43525f505f4d325f3035302e6a7067003332300000740023666666666666.jpg,https://www.cardrush-pokemon.jp/product/71651
メガサメハダーex【RR】{051/080},280,75,https://www.cardrush-pokemon.jp/data/cardrushpokemon/_/70726f647563742f43525f505f4d325f3035312e6a7067003332300000740023666666666666.jpg,https://www.cardrush-pokemon.jp/product/71652
